id	signal
19368849	0
19510426	2
19564082	0
19592927	8
19621546	9
19625985	4
19674238	7
19682403	1
19686518	5
19730279	8
19731887	4
19736900	6
19742185	8
19777838	8
19781064	10
19787267	2
19796078	3
19806797	1
19824092	6
19856675	6
19877975	0
19920667	1
19944850	0
19949347	6
19953268	0
19990682	1
20063343	5
20076178	0
20087934	6
20099853	7
20107136	5
20122922	7
20124013	4
20129198	6
20142839	0
20144281	0
20148375	1
20173111	3
20190505	7
20193138	4
20219262	2
20235898	1
20236819	4
20239015	4
20245542	1
20259557	2
20298438	1
20308373	9
20308775	1
20339317	6
20351080	5
20362351	5
20365538	0
20373735	1
20383700	7
20449888	4
20454442	5
20479403	2
20503768	7
20525444	6
20614790	9
20618226	5
20686192	4
20761395	0
20794070	0
20813724	1
20837923	0
20847719	7
20849432	2
20872581	4
20892810	7
20915605	7
20923080	6
20941817	0
20995689	3
21011104	6
21046011	1
21061242	1
21064249	6
21091789	8
21107063	2
21108951	1
21150676	10
21216692	2
21225046	5
21236716	0
21277282	1
21305039	6
21321083	5
21341915	0
21345663	9
21349304	1
21430314	3
21435792	2
21444916	6
21453749	2
21463729	7
21476287	1
21494607	0
21500691	0
21511729	5
21529088	1
21530372	1
21534301	0
21588644	0
21629296	4
21646510	1
21652275	1
21673263	7
21686054	6
21690680	0
21705863	0
21723462	4
21724357	0
21742547	5
21745418	0
21748780	2
21793716	3
21799137	2
21856107	1
21875389	0
21898102	1
21914404	1
21934097	5
21938899	0
21990476	0
21998256	1
22043377	6
22063721	6
22086683	7
22128180	1
22150705	5
22250887	1
22273293	8
22274562	0
22278616	4
22297198	6
22305930	2
22324364	1
22337007	2
22349799	0
22350802	1
22352721	2
22380228	4
22400006	0
22401492	1
22402134	8
22427867	6
22429557	2
22445294	2
22452297	1
22470475	4
22494640	0
22509979	0
22516887	2
22557405	2
22576540	1
22584158	1
22608573	2
22616371	4
22622697	3
22677087	1
22682914	0
22723801	2
22739728	1
22741206	0
22741718	4
22746067	1
22761232	1
22769915	1
22781997	6
22797755	0
22803217	2
22828702	10
22830739	5
22838208	8
22854271	2
22868101	5
22887643	1
22900334	4
22911302	5
22912027	1
22930381	0
22951118	2
22973476	1
22990117	0
22990984	0
23003311	5
23079070	0
23090227	1
23147587	2
23175573	0
23209619	7
23220583	0
23239718	2
23251603	3
23280412	7
23285615	0
23323660	4
23325257	1
23355772	1
23357638	0
23359351	2
23364397	1
23381069	1
23409426	2
23424107	1
23455065	1
23463066	3
23487068	2
23489868	1
23512862	0
23541122	0
23545685	2
23566952	4
23646926	0
23747248	1
23749050	4
23755811	8
23789598	1
23825037	2
23838725	2
23857938	0
23862615	7
23902656	1
23938458	1
23962385	1
24014225	7
24015702	0
24025170	1
24061820	6
24065459	4
24072899	0
24096252	1
24104640	2
24123440	0
24147016	2
24148666	1
24195461	0
24196518	5
24213145	6
24267641	1
24274781	1
24276229	3
24279838	0
24287544	1
24331819	1
24348859	2
24361865	0
24363044	0
24394567	0
24432990	3
24481475	0
24486461	1
24501593	0
24504915	4
24531508	0
24546633	1
24618558	2
24620528	0
24622033	8
24677398	1
24691440	0
24697974	9
24698855	0
24700631	1
24740194	1
24741265	1
24747403	2
24757792	2
24845506	0
24867657	0
24915945	4
24947459	3
24971940	1
25020545	0
25041069	3
25045991	0
25066845	2
25088553	3
25089887	1
25107549	1
25119203	6
25134404	6
25149976	0
25159534	2
25162501	0
25167565	2
25188829	2
25236590	1
25364559	0
25396815	0
25398185	2
25401827	3
25412565	2
25441357	6
25478202	3
25487753	2
25537592	0
25567869	2
25569927	4
25599747	2
25614761	8
25634619	7
25636887	1
25689709	0
25753134	1
25764301	0
25779300	1
25810391	1
25838431	0
25851878	0
25859022	5
25859081	4
25861889	0
25871910	0
25875351	0
25890323	4
25944284	0
25982591	0
26009491	2
26020857	1
26041715	1
26043101	3
26049740	1
26072072	2
26084707	0
26102660	0
26106108	0
26122987	1
26164314	3
26165146	1
26165794	2
26172056	0
26184043	0
26185263	2
26220920	1
26240107	1
26242740	0
26246798	1
26249911	1
26258753	6
26259841	5
26299799	1
26320171	1
26324114	4
26325818	5
26375650	2
26397432	2
26430011	1
26435145	0
26478030	1
26481035	4
26523974	2
26532666	0
26572873	4
26592121	2
26604092	0
26612598	6
26649126	0
26652516	0
26658870	2
26697068	0
26739414	5
26740280	1
26789414	1
26815097	2
26820845	0
26838279	0
26850151	1
26871944	1
26917890	2
26989905	1
27026256	0
27049686	1
27051350	4
27052532	2
27087414	0
27166760	1
27227677	0
27251714	2
27260157	0
27274880	6
27306610	0
27374381	1
27374862	0
27408250	1
27419564	1
27420904	0
27493798	0
27500790	1
27523081	2
27586316	2
27595981	0
27663726	4
27696687	6
27752114	0
27775975	1
27800999	6
27812344	0
27815601	1
27840714	2
27842835	0
27845645	1
27892784	1
27899395	0
27924441	1
27942150	5
27956504	0
27959280	0
27974136	0
28022340	1
28042230	5
28049438	6
28051617	0
28097492	0
28099747	3
42344319	7
42780378	6
43256704	3
46267975	7
46268205	9
46268211	7
46268222	3
46268399	6
46268432	2
46268467	5
46268473	7
46269182	2
46269226	6
46269806	8
46270049	9
46270052	1
46270052	2
46270480	10
46270523	7
46270582	7
46270890	8
46270943	9
46270944	6
46270945	10
46270955	10
46270992	0
46271008	0
46271367	7
46271370	6
46271384	3
46271525	7
46271534	9
46271535	7
46271576	6
46271577	8
46271952	8
46271961	2
46272010	5
46272017	1
46272029	6
46272149	5
46272189	2
46272220	4
46272225	8
46272234	10
46272249	6
46272290	5
46272299	8
46272311	1
46272312	6
46272335	9
46272410	7
46272595	8
46272625	3
46272640	3
46272657	2
46272664	7
46272671	8
46272690	9
46272770	2
46272824	6
46272884	9
46272901	8
46272920	8
46272921	8
46272923	0
46272967	0
46273094	6
46273298	5
46273304	2
46273314	8
46273520	1
46273563	1
46273571	0
46274006	6
46274709	0
46275074	1
46275086	5
46275087	3
46275088	4
46275129	4
46275273	2
46275454	9
46275462	8
46275813	4
46275868	7
46276087	6
46276093	6
46276264	1
46276645	3
46276679	2
46276788	2
46276944	8
46277107	1
46277108	3
46277174	2
46277196	5
46277520	7
46277589	4
46277646	3
46277653	8
46277717	8
46277857	2
46277863	0
46278165	3
46278392	7
46278470	2
46278799	2
46278828	3
46278850	7
46279010	2
46279199	5
46279207	4
46279250	1
46279365	4
46279845	9
46280002	7
46280089	0
46280090	4
46280162	0
46280449	1
46280451	2
46280453	2
46280495	0
46280734	3
46280737	4
46280801	9
46281118	2
46281161	0
46281420	4
46281433	4
46281686	3
46281914	1
46281918	3
46281932	6
46282270	8
46282489	2
46283269	0
46283370	3
46283387	7
46283392	7
46283562	0
46283598	0
46283619	8
46283660	6
46283881	2
46283954	5
46284064	0
46284121	9
46284728	8
46284736	4
46285070	7
46285483	1
46285570	6
46285626	0
46285634	0
46285713	4
46285761	1
46285877	2
46285891	6
46285914	3
46285925	6
46285941	6
46286194	1
46286215	2
46286298	0
46286299	3
46286475	1
46286489	1
46286511	7
46286587	1
46286754	1
46286778	1
46286800	7
46287068	0
46287433	0
46288062	7
46288813	3
46288923	2
46288925	1
46289319	8
46289322	6
46289327	2
46289365	3
46289556	2
46289610	4
46289899	1
46290313	5
46290524	3
46290594	3
46290870	6
46291067	8
46291094	6
46291445	0
46291681	5
46291725	8
46291725	9
46291765	6
46291771	3
46291919	5
46291937	9
46291943	7
46292165	4
46292167	6
46292172	8
46292180	8
46292182	3
46292184	6
46292224	8
46292263	3
46292448	9
46292475	8
46292738	5
46292787	5
46292833	8
46292835	5
46293104	1
46293105	2
46293424	8
46293440	8
46293474	5
46293489	2
46293516	7
46293549	0
46293595	3
46294215	3
46294220	7
46294223	5
46294225	5
46294226	4
46294238	3
46294332	9
46294481	9
46294482	2
46294515	1
46294522	2
46294538	8
46294552	4
46294564	5
46294737	4
46294739	2
46294805	6
46294878	3
46294883	6
46294888	5
46295163	5
46295164	9
46295164	9
46295215	4
46295226	1
46295262	5
46295268	5
46295344	4
46295418	8
46295436	8
46295441	8
46295574	7
46295700	6
46295896	5
46295961	2
46295980	1
46296030	2
46296084	3
46296414	5
46296583	0
46296777	5
46296955	6
46297121	7
46297300	6
46297339	1
46297523	6
46297860	6
46297906	1
46297967	6
46298047	1
46298092	8
46298164	7
46298190	3
46298240	4
46298500	5
46298616	0
46298650	2
46298897	4
46298902	2
46298904	2
46298944	1
46299028	4
46299086	0
46299335	6
46299492	6
46299532	8
46299576	3
46299631	5
46299862	9
46299888	2
46299916	6
46300113	1
46300120	3
46300402	5
46300474	4
46300500	7
46300617	1
46300751	1
46300767	1
46301062	4
46301105	5
46301111	4
46301305	6
46301351	6
46301450	4
46301475	7
46301634	8
46301730	6
46301753	3
46301782	5
46301809	5
46301823	7
46301947	7
46301948	1
46302448	0
46302507	9
46302520	2
46302571	5
46302587	7
46302610	1
46302619	1
46302754	2
46302798	5
46302886	4
46303077	6
46303086	6
46303202	6
46303266	1
46303289	2
46303739	4
46303770	2
46303801	6
46303926	7
46304152	2
46304314	0
46304419	7
46304596	5
46304918	5
46304975	4
46305067	6
46305163	6
46305187	3
46305205	8
46305266	4
46305338	2
46305610	6
46305634	8
46305673	7
46305748	8
46305822	6
46305883	8
46305962	8
46306211	3
46306249	6
46306771	6
46306829	8
46306918	9
46307052	0
46307529	7
46307591	3
46307592	1
46307616	3
46307762	8
46307871	0
46308018	1
46308025	7
46308070	8
46308193	0
46308288	7
46308481	3
46308638	1
46309049	4
46309055	3
46309064	3
46309069	7
46309191	2
46309202	4
46309406	5
46309416	6
46309626	5
46309864	4
46309866	4
46310022	7
46310417	0
46311721	1
46311744	3
46311776	5
46312219	9
46312401	9
46312422	7
46312482	3
46312510	6
46312551	8
46313013	1
46313304	1
46313351	1
46313628	4
46313834	2
46313894	3
46313915	8
46314071	0
46314139	1
46314194	7
46314496	6
46314517	0
46314519	6
46314527	4
46314581	10
46314601	4
46314857	8
46314880	6
46315071	7
46315079	3
46315093	7
46315320	8
46315343	0
46315347	8
46315384	0
46315539	5
46315577	0
46315620	1
46315683	5
46315913	4
46315972	2
46316206	6
46316268	4
46316272	8
46316291	7
46316295	7
46316369	5
46316511	6
46316576	1
46316610	6
46316613	8
46316620	6
46316622	4
46316647	7
46316649	9
46316672	9
46316721	5
46316722	0
46316742	8
46316746	3
46316897	8
46316968	6
46316971	8
46317046	6
46317060	3
46317091	1
46317097	9
46317098	5
46317338	1
46317361	3
46317391	4
46317418	6
46317444	5
46317514	4
46317517	1
46317730	2
46317736	4
46317773	1
46317787	8
46317881	3
46318205	8
46318227	6
46318249	7
46318311	2
46318324	9
46318353	4
46318373	0
46318469	0
46318470	6
46318788	3
46318968	1
46319346	8
46319441	8
46319587	2
46319634	2
46320031	3
46320103	5
46320114	6
46320779	4
46320823	6
46320905	0
46321144	5
46321147	0
46321188	6
46321303	2
46321318	5
46321324	3
46321369	2
46321381	1
46321561	3
46321738	1
46321771	0
46321790	4
46321962	2
46322057	3
46322417	6
46322468	7
46322469	1
46322533	6
46322792	2
46322805	6
46322995	9
46323173	1
46323199	0
46323213	2
46323228	4
46323485	4
46323522	5
46323539	8
46323748	3
46323844	5
46323913	2
46323914	0
46323942	0
46324094	4
46324235	5
46324255	3
46324298	3
46324512	3
46324621	2
46324633	4
46324912	2
46324986	1
46325163	4
46325468	5
46325756	0
46325758	4
46325800	0
46325803	4
46326041	3
46326097	1
46326238	3
46326264	6
46326272	4
46326439	5
46326445	5
46326446	3
46326701	6
46327002	9
46327040	7
46327289	0
46327350	3
46327358	2
46327661	3
46327687	1
46327713	6
46327730	6
46327862	4
46327962	4
46328040	2
46328570	7
46328669	7
46328688	7
46328751	7
46328802	6
46329003	6
46329014	4
46329068	1
46329143	4
46329179	3
46329301	5
46329370	3
46329431	6
46329431	7
46329434	4
46329473	3
46329522	4
46329552	3
46330056	5
46330100	3
46330141	4
46330576	4
46330813	8
46330863	4
46330891	6
46331198	8
46331389	2
46331416	0
46331434	0
46331455	2
46331478	8
46331569	6
46331625	3
46331627	9
46331660	0
46331693	1
46331742	6
46331747	1
46332013	6
46332361	1
46332395	10
46332441	1
46332459	7
46332465	1
46332553	5
46332689	6
46332726	1
46332784	6
46332786	3
46333062	1
46333079	6
46333139	1
46333346	1
46333429	0
46333500	1
46333531	1
46333741	0
46333873	1
46334695	5
46335049	8
46335141	3
46335158	9
46335273	1
46335291	6
46335587	1
46335719	4
46336575	7
46337215	1
46337454	3
46337678	6
46337931	7
46337995	5
46338089	5
46338102	9
46338427	8
46338449	0
46338467	5
46338883	9
46338887	7
46339022	6
46339123	6
46339195	3
46339288	6
46339334	7
46339335	6
46339588	8
46339603	8
46339733	9
46339735	0
46339758	6
46339760	0
46339763	3
46339835	6
46340107	10
46340317	1
46340352	9
46340399	6
46340419	0
46340460	5
46340475	5
46340494	9
46340495	5
46340499	7
46340514	8
46340545	0
46340587	4
46340588	0
46340589	8
46340610	5
46340657	1
46340706	7
46340732	0
46340965	0
46341098	3
46341166	3
46341194	0
46341234	7
46341254	5
46341278	8
46341279	2
46341352	3
46341354	8
46341361	2
46341383	8
46341402	3
46341414	2
46341416	9
46341425	4
46341429	2
46341545	2
46341724	8
46341828	4
46341959	2
46342013	8
46342027	3
46342089	0
46342090	2
46342110	8
46342127	7
46342186	7
46342275	5
46342324	1
46342638	3
46342650	9
46342686	6
46342730	1
46343236	3
46343343	3
46343625	1
46343851	2
46343871	5
46343904	6
46344208	1
46344208	2
46344254	3
46344520	6
46344606	2
46344625	4
46344660	5
46344733	3
46345026	3
46345074	3
46345087	6
46345144	1
46345150	7
46345184	0
46345315	4
46345429	6
46345476	3
46345543	7
46345631	3
46345808	2
46345994	3
46346000	4
46346018	3
46346023	6
46346037	2
46346088	1
46346116	1
46346221	7
46346241	2
46346250	2
46346262	2
46346414	6
46346577	0
46346795	0
46347548	2
46347825	3
46348120	8
46348225	6
46348455	4
46348456	5
46348481	6
46348528	3
46348638	2
46348639	5
46348700	4
46348823	4
46349279	1
46349392	3
46349456	1
46349468	4
46349478	0
46349512	6
46349525	1
46349571	5
46349963	3
46350258	5
46350313	1
46350920	4
46351230	3
46351366	3
46351423	4
46351499	0
46351519	3
46351520	3
46351526	1
46351536	7
46351541	4
46351995	6
46352055	8
46352483	2
46352617	6
46353063	9
46353075	4
46353140	2
46353145	2
46353208	7
46353438	8
46353649	7
46354366	7
46354457	0
46354754	5
46354781	1
46354782	0
46354788	2
46354789	3
46354805	2
46354999	7
46355137	7
46355226	8
46355282	8
46355342	1
46355345	1
46355441	2
46355532	5
46355698	1
46355774	3
46355954	5
46355975	1
46356024	5
46356036	4
46356124	2
46356167	4
46356240	9
46356450	4
46356637	7
46356710	6
46356781	3
46356919	5
46357141	5
46357214	1
46357267	3
46357281	0
46357313	1
46357334	2
46357388	1
46357449	3
46357463	5
46357464	0
46357467	3
46357714	0
46357962	0
46358759	5
46358788	8
46359310	7
46360502	6
46360515	6
46360705	6
46360726	7
46360734	0
46361659	9
46361695	1
46361806	7
46362198	8
46362348	7
46362384	8
46362384	9
46362642	3
46362686	0
46362770	4
46362771	5
46363050	2
46363066	6
46363159	7
46363170	1
46363619	5
46363623	9
46363634	6
46363635	7
46363664	8
46363692	7
46363788	4
46363788	5
46364044	7
46364109	7
46364111	7
46364138	3
46364147	2
46364182	3
46364195	2
46364244	5
46364252	1
46364271	7
46364334	7
46364337	3
46364387	2
46364411	8
46364507	5
46364523	1
46364862	8
46364909	3
46364934	3
46364964	7
46365071	2
46365101	2
46365109	1
46365112	4
46365113	5
46365146	4
46365438	3
46365446	2
46365450	2
46365459	4
46365465	2
46365479	4
46365546	2
46365568	5
46365648	4
46365676	5
46365690	10
46365692	7
46365728	2
46365764	4
46365790	5
46366017	8
46366320	5
46366463	1
46366465	1
46366548	5
46366613	5
46366818	6
46367170	6
46367237	3
46367267	3
46367285	5
46367292	5
46367400	9
46367530	4
46367576	4
46367684	3
46367795	6
46367806	7
46368030	3
46368230	6
46368256	6
46368390	2
46368406	5
46368544	6
46368613	0
46368617	7
46368790	8
46368799	0
46368817	1
46368904	4
46368988	2
46369326	2
46369426	1
46369449	3
46369553	2
46369585	1
46369586	2
46369817	6
46370520	2
46370564	5
46370776	2
46370910	4
46371201	3
46371475	2
46371511	3
46371957	6
46371980	2
46372153	0
46372387	2
46372427	3
46372724	7
46372872	0
46372916	6
46373179	2
46373201	4
46373376	2
46373614	6
46373878	9
46373878	9
46373930	8
46373996	4
46374032	2
46374109	2
46374236	9
46374309	2
46374361	4
46374452	5
46374464	9
46374492	5
46374513	6
46374517	5
46374702	5
46374712	3
46375105	7
46375448	6
46375504	4
46375671	2
46375797	5
46375916	4
46376074	5
46376081	0
46376372	2
46376401	1
46377021	0
46377201	3
46377240	3
46377357	6
46377443	3
46377984	7
46378018	8
46378188	8
46378316	0
46378475	2
46378532	0
46379078	6
46379531	6
46379652	3
46380998	9
46381006	7
46382308	0
46382831	1
46383339	2
46383560	3
46383676	2
46383701	3
46384827	4
46385051	9
46385255	2
46385263	1
46385268	0
46385292	1
46385634	1
46385650	6
46385665	9
46385789	8
46385823	6
46385870	6
46385880	4
46386197	3
46386215	1
46386336	6
46386373	8
46386374	5
46386745	6
46386843	5
46387329	0
46387337	4
46387442	6
46387454	7
46387857	7
46387863	3
46387864	7
46387867	8
46387870	7
46387929	2
46387950	8
46387951	7
46387959	6
46388299	9
46388315	9
46388320	8
46388322	1
46388404	2
46388413	1
46388420	7
46388439	2
46388648	1
46388702	9
46388707	6
46388713	8
46388714	7
46388734	6
46388747	2
46388763	6
46388842	1
46388842	1
46388888	7
46388903	3
46389407	9
46389471	3
46389493	5
46389530	6
46389536	5
46389538	5
46389549	5
46389560	0
46389639	4
46389658	2
46389670	3
46389676	8
46389689	3
46389701	3
46389718	5
46390012	8
46390036	9
46390075	6
46390080	3
46390081	6
46390084	6
46390138	6
46390142	4
46390200	8
46390260	2
46390277	1
46390293	9
46390357	5
46390392	3
46390809	4
46390813	2
46390927	3
46390934	5
46391008	7
46391069	6
46391121	5
46391123	3
46391161	4
46391178	2
46391196	8
46391217	2
46391228	1
46391230	8
46391241	7
46391304	3
46391339	0
46391541	1
46391619	7
46391655	8
46391700	1
46391757	1
46391779	0
46391860	5
46391959	2
46392190	5
46392199	6
46392315	7
46392323	2
46392399	0
46392511	3
46392584	1
46392625	6
46392791	3
46392899	4
46392905	2
46392927	5
46392950	5
46392968	2
46392977	1
46393004	3
46393580	5
46393874	8
46394170	2
46394196	0
46394245	1
46394266	2
46394334	4
46394353	3
46394382	8
46394424	3
46394445	3
46394495	3
46395048	1
46395072	2
46395076	2
46395165	0
46395277	3
46395501	8
46396055	9
46396454	4
46396684	0
46396781	2
46396853	5
46396906	5
46396941	4
46396958	7
46396963	3
46397164	2
46397755	7
46397873	6
46397899	6
46398916	2
46399212	5
46399214	4
46399219	3
46399355	6
46399362	7
46399605	9
46399895	7
46399940	5
46400016	6
46400242	0
46400278	4
46400442	7
46400506	5
46400507	1
46400536	4
46400545	5
46400574	6
46400576	4
46400717	8
46400754	4
46400886	3
46401053	8
46401147	7
46401189	6
46401364	6
46401541	1
46401948	5
46401987	5
46401988	2
46401990	4
46402003	1
46402008	5
46403400	8
46403470	5
46403701	5
46403722	6
46403987	1
46404063	7
46404169	2
46404175	6
46404240	1
46404604	7
46404756	5
46404869	1
46405051	3
46405276	1
46405283	2
46405432	2
46405509	2
46405581	0
46405791	10
46405855	7
46405877	3
46405881	3
46405885	3
46406060	5
46406622	2
46407227	8
46407780	1
46407854	6
46408031	3
46408048	4
46408189	8
46408424	6
46408425	5
46408472	2
46408495	6
46408505	8
46408688	2
46408692	7
46409215	6
46409215	6
46409456	9
46409816	7
46409820	7
46409841	9
46410000	3
46410415	8
46410472	2
46410520	7
46410697	8
46410811	6
46410829	1
46410831	7
46410864	8
46410865	9
46410878	2
46410885	1
46410953	4
46410956	6
46410966	5
46411102	2
46411327	7
46411388	8
46411394	6
46411410	7
46411414	1
46411453	4
46411653	9
46411681	6
46411760	7
46411979	2
46412006	7
46412013	7
46412039	8
46412089	5
46412139	6
46412182	2
46412247	5
46412267	8
46412519	5
46412804	9
46412837	3
46412840	5
46412841	9
46412869	3
46412910	7
46412943	6
46412965	8
46412980	8
46412994	9
46413054	6
46413056	7
46413202	1
46413215	3
46413231	6
46413381	0
46413394	9
46413440	4
46413523	5
46413529	6
46413564	8
46413566	8
46413578	7
46413662	8
46413685	4
46413768	4
46413769	6
46413803	0
46413832	4
46413874	1
46413961	3
46413969	3
46414002	5
46414237	4
46414383	7
46414385	4
46414487	0
46414749	1
46414750	6
46414805	2
46414896	8
46414971	7
46415057	1
46415058	1
46415070	3
46415084	5
46415086	1
46415094	7
46415153	9
46415157	1
46415171	1
46415194	3
46415205	6
46415210	1
46415287	8
46415503	4
46415599	6
46415804	3
46415951	2
46415978	6
46416234	9
46416362	2
46417120	7
46417528	2
46417532	4
46417553	2
46417580	2
46417581	1
46417680	3
46418010	3
46418077	2
46418276	1
46418354	6
46418594	1
46418673	0
46418676	2
46418745	2
46418752	1
46419211	1
46419281	8
46419365	0
46419418	1
46419427	6
46419465	8
46419465	9
46419665	7
46419718	5
46420138	3
46420160	3
46420223	4
46420279	2
46420469	7
46420474	3
46420604	1
46420618	5
46420621	3
46420624	2
46420626	4
46420658	3
46420677	4
46420722	0
46420963	1
46421360	1
46421525	8
46422269	9
46422318	1
46422438	10
46422491	5
46422620	2
46422734	5
46422757	5
46422896	4
46422903	4
46422908	3
46422921	3
46422930	1
46423248	5
46423298	8
46423337	9
46423340	5
46423382	7
46423415	6
46423619	0
46423852	10
46424040	1
46424562	9
46424764	6
46424878	9
46424889	9
46425049	6
46425105	1
46425318	5
46425616	0
46426078	5
46426081	2
46426218	3
46426231	4
46426381	3
46426419	6
46426485	4
46426573	4
46426583	2
46426589	2
46426627	4
46426675	8
46426675	9
46426900	2
46427047	4
46427222	6
46427405	8
46427478	8
46427540	9
46427647	9
46427713	5
46427816	1
46428051	2
46428052	1
46428057	4
46428070	6
46428139	1
46428298	0
46428325	3
46428444	5
46428490	1
46428546	9
46428602	8
46428781	2
46429213	1
46429291	6
46429438	2
46429467	1
46429485	6
46429617	1
46429639	2
46429842	9
46430156	6
46430211	9
46430251	2
46430268	4
46430429	7
46430442	2
46430458	1
46430555	3
46430702	0
46430722	1
46430748	7
46430985	1
46431059	1
46431088	7
46431108	0
46431126	0
46431386	1
46431417	3
46431435	3
46431627	6
46431874	5
46431913	0
46432377	4
46432435	1
46432436	2
46432703	0
46432879	1
46433046	9
46433239	0
46434516	6
46434613	0
46435021	9
46435172	1
46435205	1
46435210	5
46435268	6
46435595	2
46435844	2
46435893	8
46436352	2
46436691	4
46437052	7
46437093	2
46437195	8
46437236	6
46437241	9
46437345	7
46437554	6
46437558	2
46437594	3
46437872	7
46438011	4
46438106	1
46438198	1
46438200	6
46438201	9
46438210	7
46438211	6
46438218	6
46438435	1
46438478	2
46438574	4
46438597	8
46438640	5
46438656	8
46438700	1
46438731	9
46438750	7
46439005	0
46439013	5
46439074	6
46439104	5
46439105	6
46439314	8
46439315	4
46439330	6
46439336	2
46439376	2
46439381	2
46439498	8
46439621	4
46439660	3
46439674	9
46439697	4
46439698	9
46439701	6
46439710	3
46439724	8
46439812	1
46439820	6
46439847	4
46439850	8
46439925	3
46439941	1
46440053	4
46440085	7
46440231	5
46440245	4
46440339	3
46440351	6
46440363	4
46440386	1
46440389	4
46440410	5
46440411	6
46440449	2
46440481	4
46440506	5
46440509	8
46440514	3
46440538	3
46440568	3
46440595	4
46440651	3
46440843	3
46440898	8
46440904	3
46441071	3
46441074	4
46441250	3
46441359	5
46441366	2
46441388	5
46441404	2
46441450	1
46441452	4
46441523	2
46441535	5
46441705	3
46442093	4
46442111	3
46442169	9
46442194	0
46442509	9
46442573	0
46442742	8
46442981	4
46443012	3
46443096	3
46443100	4
46443112	5
46443355	9
46443559	1
46443704	2
46443736	0
46443944	5
46444217	0
46444230	3
46444238	2
46444323	2
46444384	2
46444638	2
46444643	3
46444668	5
46444712	0
46444819	2
46444905	8
46445099	8
46445099	8
46445106	2
46445233	3
46445274	7
46445345	3
46445355	7
46445381	4
46445392	2
46445409	7
46445485	2
46445529	5
46445554	4
46445579	8
46446211	8
46446221	2
46446255	7
46446327	2
46446373	4
46446472	3
46446594	5
46446669	2
46446748	10
46446748	9
46446763	1
46446859	2
46446887	8
46447087	8
46447128	2
46447587	6
46447595	7
46447731	0
46447798	1
46447860	7
46447953	3
46447954	0
46447962	4
46448083	1
46448166	8
46448181	3
46448361	4
46448387	4
46448615	0
46448654	3
46448729	7
46448798	4
46448836	8
46449136	6
46449326	7
46449420	0
46449853	2
46449857	3
46449955	6
46449955	6
46450218	7
46450379	2
46450498	7
46450636	6
46450923	5
46450946	6
46451055	7
46451226	8
46451256	3
46451260	4
46451262	4
46451267	3
46451458	7
46451708	7
46451767	2
46452091	2
46452271	4
46452421	8
46452503	4
46452670	7
46452729	4
46452735	1
46452741	4
46452743	2
46452747	7
46452755	5
46452809	0
46453824	4
46454126	4
46454148	6
46454155	3
46454169	5
46454320	3
46454465	6
46454572	0
46454737	9
46454758	8
46454846	8
46454868	6
46454970	8
46455052	6
46455085	0
46455258	1
46455278	2
46455759	8
46455997	2
46455999	3
46456005	3
46456243	0
46456357	6
46456748	3
46456749	3
46456915	6
46457434	1
46457941	5
46458405	7
46458679	2
46458765	2
46458854	0
46458910	1
46459579	7
46459833	2
46459852	1
46460054	1
46460069	2
46460164	4
46460173	7
46460828	7
46461019	2
46461020	4
46461870	8
46461965	8
46461967	8
46461971	7
46461977	5
46462068	9
46462080	6
46462112	8
46462389	6
46462538	6
46462550	6
46462567	7
46462577	4
46462944	2
46462955	9
46463079	6
46463091	8
46463116	9
46463126	4
46463152	6
46463161	7
46463177	8
46463215	4
46463225	1
46463287	0
46463288	4
46463311	2
46463586	7
46463655	4
46463696	5
46463697	1
46463708	2
46463780	5
46463812	3
46464173	6
46464277	6
46464303	4
46464339	3
46464375	2
46464434	7
46464496	6
46464500	1
46464501	6
46464572	9
46464586	3
46464604	6
46464841	3
46464875	4
46464894	5
46464992	5
46464997	5
46465035	8
46465075	1
46465142	9
46465161	9
46465171	6
46465200	4
46465236	8
46465262	0
46465315	6
46465322	6
46465324	7
46465347	4
46465455	1
46465695	5
46465696	9
46465712	5
46465848	4
46465925	5
46466095	6
46466220	8
46466230	5
46466302	2
46466352	8
46466377	1
46466382	4
46466392	4
46466410	5
46466497	4
46466772	0
46466873	0
46466890	8
46466924	10
46467003	7
46467033	6
46467272	7
46467306	7
46467455	2
46467462	5
46467493	5
46467586	4
46467953	7
46468332	3
46468494	3
46468497	3
46468512	4
46468522	6
46468532	3
46468594	3
46468604	3
46468614	3
46468648	4
46468762	5
46468841	3
46468951	0
46469062	2
46469079	4
46469122	4
46469124	1
46469179	5
46469259	9
46469261	1
46469311	5
46469311	5
46469722	3
46469860	0
46469975	7
46469993	2
46470441	1
46470512	3
46470562	7
46470581	2
46470598	1
46470775	2
46470911	2
46470935	2
46470939	3
46470945	3
46470953	5
46471025	6
46471115	7
46471195	8
46471350	7
46471358	5
46471369	3
46471552	4
46471656	4
46471904	5
46472041	5
46472129	2
46472133	5
46472187	4
46472190	1
46472270	3
46472365	7
46472388	6
46472502	3
46472552	5
46472596	0
46472636	2
46472733	1
46473137	1
46473151	5
46473446	8
46474212	1
46474471	0
46474904	3
46474962	4
46474965	2
46475105	2
46475151	2
46475229	6
46475267	5
46475510	5
46475633	3
46475985	0
46476007	7
46476049	1
46476079	7
46476087	3
46476201	8
46476207	6
46476373	2
46476541	4
46476675	4
46476677	2
46476693	3
46476701	6
46476711	5
46476766	8
46477720	2
46478115	8
46478124	0
46478152	1
46478342	5
46478434	5
46478769	6
46478822	3
46479325	3
46479361	1
46479444	7
46479958	2
46480002	4
46480015	1
46480086	2
46480339	7
46480355	1
46480364	5
46480369	5
46480498	0
46480706	9
46480769	6
46480825	7
46481077	2
46481189	6
46481282	8
46481283	9
46481833	0
46481838	5
46481992	5
46482241	6
46482385	6
46482416	2
46482543	3
46482618	10
46482805	5
46482806	2
46482810	6
46482893	6
46484730	8
46484988	8
46485765	1
46485809	3
46486068	3
46486087	8
46486906	2
46487434	5
46487883	9
46487917	2
46487918	7
46488410	6
46488522	3
46488806	8
46488810	8
46488811	6
46488832	6
46488860	2
46488874	5
46488892	4
46488955	2
46488958	4
46488972	7
46488983	3
46488987	6
46489258	5
46489260	7
46489270	5
46489270	6
46489279	2
46489315	3
46489346	8
46489365	5
46489758	6
46489781	4
46489793	8
46489890	7
46489903	3
46489983	6
46490012	4
46490040	1
46490041	1
46490343	7
46490361	4
46490435	2
46490436	5
46490456	9
46490599	5
46490973	2
46490975	3
46490980	2
46491010	3
46491029	5
46491112	4
46491218	5
46491303	2
46491474	5
46491869	1
46491921	7
46492345	1
46492415	7
46492462	6
46492561	4
46492591	3
46492660	2
46492669	6
46492772	3
46492924	1
46492928	1
46492932	3
46492945	3
46492981	4
46493007	5
46493029	3
46493046	3
46493098	2
46493327	4
46493540	5
46493607	6
46493662	3
46493889	3
46493907	0
46493932	0
46493962	1
46493978	2
46494044	1
46494363	2
46494394	0
46494592	10
46494747	3
46495077	9
46495477	4
46495482	3
46495537	2
46495575	8
46495585	3
46495602	5
46495625	2
46495694	5
46495694	5
46496364	10
46496408	1
46496489	3
46496559	6
46496706	0
46496888	2
46497058	7
46497110	0
46497276	7
46497360	7
46497401	6
46497431	7
46497561	2
46497566	3
46497814	3
46497907	2
46497972	6
46498175	0
46498295	7
46498367	6
46498479	5
46498532	4
46498683	0
46498758	8
46499060	1
46499253	1
46499296	6
46499537	2
46500171	5
46500358	3
46500464	2
46500803	1
46500857	2
46500914	8
46500986	3
46500989	5
46501000	5
46501022	4
46501310	4
46501544	2
46501590	1
46501603	2
46501729	5
46501869	9
46502316	1
46502505	5
46502561	7
46502723	8
46502770	1
46502958	1
46503030	3
46503122	4
46503180	4
46503202	3
46503307	3
46503378	6
46503604	5
46503697	9
46503726	1
46503953	2
46504147	4
46504751	1
46504919	1
46504921	1
46504964	2
46505225	0
46505226	2
46505231	1
46505261	5
46505348	6
46505352	6
46505527	1
46505785	8
46505842	1
46506007	0
46506018	5
46506034	3
46506295	1
46506585	8
46507927	1
46508044	1
46509918	3
46511459	4
46511716	5
46511940	4
46512065	6
46512836	6
46512871	2
46513046	4
46513067	1
46513104	3
46513114	3
46513220	7
46513516	0
46513732	1
46513743	3
46513917	4
46513920	7
46513990	2
46514211	7
46514251	9
46514296	9
46514334	5
46514357	0
46514574	3
46514681	6
46514693	4
46514827	9
46514854	5
46514876	7
46514906	3
46515198	8
46515224	1
46515295	4
46515332	9
46515365	7
46515380	0
46515412	8
46515416	6
46515452	2
46515458	6
46515721	3
46515896	2
46515952	8
46515988	10
46516045	5
46516085	4
46516108	7
46516152	7
46516161	2
46516167	9
46516207	4
46516208	9
46516439	8
46516450	5
46516453	7
46516553	7
46516576	7
46516648	6
46516662	2
46516663	8
46516690	6
46516703	3
46516704	1
46516705	9
46516730	6
46516731	2
46516741	7
46516751	4
46516793	3
46516837	5
46516893	2
46516903	3
46516954	6
46517190	0
46517192	9
46517205	0
46517219	2
46517297	4
46517310	4
46517336	0
46517350	8
46517363	9
46517522	3
46517541	3
46517601	9
46517614	6
46517626	4
46517628	5
46517657	9
46517658	3
46517710	5
46517712	4
46517731	2
46517835	3
46517852	6
46517853	8
46518123	2
46518242	7
46518250	10
46518276	4
46518341	2
46518374	5
46518456	4
46518487	5
46518654	3
46518748	4
46518842	9
46519311	9
46519403	3
46519771	1
46519854	8
46519857	5
46519877	7
46519897	3
46519932	4
46520076	10
46520188	7
46520276	1
46520419	1
46520430	5
46520452	4
46520488	3
46520554	6
46520988	4
46521011	4
46521105	8
46521182	3
46521220	2
46521221	0
46521316	4
46521408	8
46521428	2
46521471	1
46521823	2
46522049	6
46522183	6
46522253	6
46522301	1
46522342	3
46522375	4
46522403	4
46522413	2
46522458	5
46522472	3
46522479	5
46522801	6
46522867	7
46522880	2
46522975	4
46522995	3
46523325	8
46523333	2
46523395	1
46523591	2
46523592	7
46523646	1
46523769	2
46523894	8
46523944	7
46524009	4
46524178	4
46524368	4
46524394	1
46524600	1
46524601	1
46524605	3
46524612	4
46524834	3
46524863	5
46525289	7
46525621	8
46525702	8
46526407	8
46526641	2
46526675	4
46526709	4
46526725	4
46526759	6
46526869	5
47043182	0
47043185	6
47043343	7
47043414	3
47043602	4
47043660	4
47043695	1
47043721	1
47043722	9
47043760	1
47043802	1
47043813	3
47043863	7
47043880	0
47043970	2
47044071	5
47044092	3
47044119	4
47044257	2
47044282	8
47044313	1
47044358	0
47044482	4
47044866	1
47044932	9
47045008	2
47045009	3
47045089	7
47045149	3
47045279	3
47045380	4
47045383	1
47045813	0
47045901	3
47045940	5
47045964	6
47045991	4
47046061	9
47046338	5
47046689	8
47046717	1
47046812	9
47046822	1
47046844	8
47046908	6
47047091	6
47047223	6
47049568	6
47049749	2
47050258	9
47050423	7
47050430	6
47051356	6
47051409	2
47051411	0
47051675	6
47051771	6
47051848	4
47052417	3
47052495	8
47052556	1
47052567	1
47052572	5
47053064	2
47053091	7
47053154	8
47053155	9
47053832	6
47053871	4
47053913	3
47054228	2
47054253	8
47054263	3
47054421	7
47054430	4
47054467	1
47054491	6
47054493	9
47054500	7
47054504	9
47054505	5
47054557	7
47054558	7
47054568	5
47054618	4
47054633	8
47054634	4
47054644	1
47054645	7
47054653	7
47054654	7
47054665	1
47054670	4
47054671	0
47054680	1
47054755	1
47054913	4
47054916	2
47054917	3
47054971	9
47054998	5
47055037	6
47055075	8
47055075	9
47055085	2
47055087	6
47055344	8
47055348	3
47055366	3
47055461	7
47055461	7
47055536	1
47055565	4
47055578	2
47055820	8
47055844	5
47055859	3
47055885	3
47055941	5
47055945	1
47055982	5
47055992	1
47056274	5
47056281	8
47056343	5
47056357	7
47056358	8
47056372	2
47056386	4
47056399	6
47056424	6
47056454	9
47056533	4
47056534	1
47056535	1
47056647	2
47056662	4
47056777	3
47057067	9
47057068	9
47057088	1
47057096	7
47057149	5
47057172	7
47057205	9
47057236	2
47057279	1
47057282	2
47057290	0
47057337	3
47057378	1
47057379	1
47057417	2
47057465	0
47057477	6
47057799	5
47057865	5
47057873	4
47057875	8
47057901	7
47057995	6
47058054	3
47058063	5
47058105	0
47058388	6
47058401	7
47058442	3
47058504	3
47058519	8
47058561	0
47058569	1
47058573	1
47058605	1
47058614	3
47058640	4
47058688	2
47058716	6
47058727	1
47058862	0
47059031	3
47059210	0
47059550	2
47059613	5
47059616	7
47059650	1
47059716	3
47059938	4
47059940	0
47060037	5
47060040	3
47060088	3
47060114	3
47060679	3
47060793	1
47060915	6
47060917	7
47061205	7
47061460	0
47061590	0
47061755	4
47061898	3
47062007	2
47062326	1
47062359	6
47062527	0
47062562	9
47062926	7
47062938	0
47062939	4
47062940	2
47063083	5
47063110	5
47063146	3
47063158	3
47063322	2
47063337	0
47063342	3
47063397	1
47063586	2
47063640	2
47064166	8
47064495	0
47064629	0
47064990	5
47065088	7
47065126	4
47065300	5
47065320	5
47065557	6
47065618	3
47065620	4
47065648	3
47065688	4
47065700	4
47065895	6
47066125	2
47066217	3
47066305	7
47066423	5
47066488	0
47066601	7
47066992	7
47067411	9
47067529	9
47067610	4
47067648	3
47067723	0
47067822	0
47067849	3
47067897	4
47067902	2
47068726	3
47068760	10
47068919	4
47068972	2
47068973	4
47069041	5
47069368	3
47069373	2
47069471	3
47069603	1
47069628	5
47069638	6
47069648	2
47069673	3
47069711	2
47070129	0
47070235	8
47070415	9
47070448	5
47070496	9
47070996	9
47071160	5
47071392	4
47071397	2
47071429	3
47071495	3
47071522	5
47071806	10
47072016	6
47072200	8
47072510	6
47073052	9
47073099	8
47073185	1
47073211	5
47073494	6
47073752	6
47073761	3
47073779	7
47073788	5
47073862	9
47073889	1
47073972	0
47074155	5
47074160	0
47074213	6
47074236	0
47074259	8
47074286	8
47074313	9
47074453	0
47074469	5
47074532	1
47074534	3
47074540	5
47074619	6
47074623	6
47074700	9
47074743	7
47074756	1
47074758	1
47074788	1
47074830	6
47074893	1
47074908	0
47074925	5
47075019	8
47075179	9
47075194	5
47075226	7
47075268	1
47075361	5
47075374	5
47075440	1
47075791	0
47075826	4
47075837	4
47075846	9
47075866	1
47075937	9
47075951	1
47075997	1
47076081	7
47076159	1
47076293	0
47076321	5
47076341	3
47076918	0
47077038	3
47077173	1
47077254	4
47077375	7
47077674	3
47077770	0
47077840	2
47077853	1
47077892	0
47077976	2
47078008	1
47078296	7
47078428	6
47078598	5
47078631	2
47079138	0
47079393	1
47081068	6
47081267	2
47081666	1
47081667	1
47081850	10
47082097	6
47082114	1
47082440	6
47083000	10
47083326	6
47083381	6
47083666	5
47083704	6
47083973	5
47084017	8
47084278	3
47084376	6
47084377	8
47084420	9
47084421	10
47084439	2
47084440	8
47084815	4
47084947	6
47084975	6
47085019	6
47085053	7
47085059	0
47085418	4
47085452	5
47085468	6
47085536	6
47085697	4
47085705	6
47085737	5
47085745	3
47085753	8
47085830	5
47085838	3
47085843	7
47086118	7
47086127	2
47086140	10
47086267	1
47086315	7
47086373	1
47086401	6
47086420	4
47086425	2
47086433	7
47086450	6
47086451	5
47086495	5
47086503	8
47086785	1
47086843	5
47086852	4
47087141	2
47087189	5
47087191	3
47087218	6
47087235	2
47087238	7
47087241	4
47087266	7
47087289	7
47087313	1
47087319	6
47087343	7
47087361	1
47087588	8
47087730	2
47087745	3
47087787	3
47087789	0
47087920	3
47088003	2
47088024	4
47088029	9
47088046	6
47088047	3
47088098	9
47088121	9
47088122	2
47088126	4
47088163	1
47088205	3
47088206	5
47088522	8
47088523	1
47088615	1
47088629	3
47088656	6
47088819	2
47088823	5
47088914	2
47089039	6
47089079	2
47089311	6
47089332	7
47089493	8
47089494	6
47089623	5
47089652	8
47089671	5
47089788	2
47089887	6
47089990	6
47090052	4
47091148	6
47091183	3
47091285	5
47091557	8
47091571	7
47092360	3
47092361	1
47092581	1
47092821	2
47092855	0
47092871	4
47092906	7
47093077	3
47093168	7
47093199	2
47093246	5
47093284	8
47093489	8
47093543	0
47093705	0
47093740	1
47093806	1
47093826	0
47093871	4
47094187	1
47094248	0
47094344	2
47094376	6
47094391	2
47094417	4
47094684	6
47095027	0
47095214	1
47095253	1
47095269	3
47095325	6
47095416	1
47095870	7
47095893	7
47095915	2
47095967	0
47096008	2
47096009	3
47096009	5
47096324	3
47096727	5
47096870	4
47096992	6
47097101	4
47097104	2
47097118	8
47097225	1
47097430	3
47097460	0
47097463	7
47097795	2
47097853	3
47097930	3
47098007	2
47098028	8
47098100	0
47098621	8
47098657	3
47098849	8
47098870	2
47098937	2
47099395	1
47099396	7
47099531	8
47099677	9
47099705	5
47099719	3
47100098	8
47100727	2
47100736	5
47100824	4
47100847	5
47100873	0
47101143	1
47101211	4
47101234	3
47101353	1
47101391	3
47101521	6
47101527	0
47101528	4
47101543	5
47101581	3
47101661	4
47101679	2
47101924	1
47102000	0
47102435	0
47102595	7
47102642	3
47102805	4
47103064	7
47103426	3
47103431	4
47103485	6
47103531	2
47103541	5
47103799	6
47104879	1
47105251	5
47105312	2
47105331	7
47105338	5
47105372	6
47105394	3
47105497	4
47105509	5
47105568	8
47105653	6
47105717	2
47105827	6
47105828	9
47105862	9
47105961	8
47105998	1
47106032	7
47106156	9
47106197	8
47106239	1
47106265	6
47106283	8
47106370	2
47106506	0
47106604	0
47106614	5
47106805	0
47106878	8
47106951	6
47107266	7
47107358	7
47107385	6
47107493	4
47107749	3
47107836	3
47108024	4
47108048	1
47108220	4
47108229	1
47108471	7
47108531	6
47108586	3
47108794	9
47108852	5
47108922	7
47108951	3
47109195	6
47109296	3
47109300	1
47109475	1
47109499	3
47109502	2
47109590	0
47109621	6
47109630	6
47109639	5
47109968	4
47110115	8
47110331	1
47110404	8
47110552	5
47111947	3
47112133	10
47112235	2
47112314	9
47112380	7
47113592	2
47113627	2
47113865	5
47113867	7
47114240	4
47114534	2
47114545	3
47114590	6
47114643	7
47115279	6
47115413	6
47115657	7
47115666	1
47115672	2
47115675	8
47115681	6
47115697	6
47115717	1
47115984	1
47116072	8
47116295	0
47116504	8
47116887	2
47116925	7
47116926	8
47116992	1
47117006	6
47117020	7
47117021	2
47117241	6
47117310	8
47117311	0
47117414	6
47117469	6
47117493	6
47117494	6
47117495	9
47117497	3
47117498	7
47117501	1
47117520	3
47117551	1
47117614	1
47117616	9
47117656	9
47117657	4
47117660	9
47117675	2
47117689	3
47117717	3
47117719	4
47117937	7
47117938	4
47118006	4
47118030	5
47118035	0
47118040	1
47118048	5
47118116	6
47118164	6
47118183	3
47118184	5
47118185	4
47118193	5
47118214	0
47118235	5
47118282	8
47118533	2
47118582	4
47118590	1
47118604	1
47118629	6
47118805	10
47118823	6
47118861	2
47118896	5
47118897	0
47118906	0
47118935	10
47118940	8
47119008	5
47119066	5
47119126	6
47119204	0
47119210	2
47119249	8
47119313	0
47119330	4
47119398	6
47119597	5
47119624	0
47119633	5
47119702	9
47119711	1
47119733	8
47119755	0
47119804	4
47119805	7
47119881	3
47119883	0
47119894	8
47119979	0
47120033	3
47120045	1
47120047	6
47120100	7
47120105	7
47120119	5
47120137	8
47120163	7
47120178	1
47120263	8
47120289	9
47120290	6
47120323	0
47120380	0
47120637	1
47120692	8
47120704	0
47120762	1
47120856	5
47121119	5
47121138	5
47121160	2
47121197	2
47121243	3
47121297	6
47121359	9
47121372	1
47121381	0
47121503	6
47121889	3
47121943	7
47122016	4
47122228	4
47122488	8
47122560	1
47122960	4
47123131	3
47123226	3
47123258	3
47123528	3
47123557	5
47123579	2
47123596	3
47123600	5
47123614	3
47123625	0
47123649	6
47123701	3
47123801	1
47123901	1
47123910	4
47123952	5
47123959	3
47124007	7
47124048	0
47124117	8
47124185	3
47124202	0
47124670	1
47124693	2
47124718	1
47124959	8
47125093	1
47125236	3
47125323	2
47125657	6
47125716	1
47125780	5
47126252	2
47126259	3
47126370	3
47126372	6
47126374	1
47126377	3
47126756	6
47126905	8
47127271	0
47127421	3
47127814	4
47127860	3
47127901	4
47127949	6
47127969	0
47128067	1
47128136	1
47128199	6
47128462	4
47128488	9
47128586	0
47128638	0
47128989	3
47129042	0
47129091	0
47129237	1
47129359	3
47129545	3
47129557	6
47129712	0
47129897	3
47129923	9
47129929	6
47130312	9
47130358	7
47130559	8
47130590	5
47130829	9
47131264	7
47131407	7
47131551	3
47132109	4
47132170	1
47132213	0
47132439	6
47133175	2
47133221	9
47133247	4
47133323	7
47133490	3
47133613	5
47133732	3
47133748	7
47133756	2
47133792	5
47133901	4
47134140	6
47134445	3
47134478	2
47134507	4
47134698	7
47134743	1
47134945	1
47135413	1
47135417	4
47135421	8
47135428	4
47135451	2
47135480	7
47135501	4
47135893	9
47136700	0
47137083	1
47137263	4
47137398	6
47137456	0
47137630	6
47137739	5
47137887	5
47138119	8
47138157	7
47138266	2
47138286	3
47138297	4
47138355	7
47138443	7
47138489	5
47138738	1
47139024	0
47139032	7
47139047	3
47139129	0
47139248	6
47139374	1
47139485	9
47139544	8
47139624	8
47139678	2
47139743	0
47139811	1
47139920	4
47139927	8
47140013	3
47140046	3
47140116	0
47140117	7
47140141	1
47140190	7
47140226	9
47140229	2
47140283	4
47140385	0
47140453	3
47140477	1
47140495	7
47140507	4
47140527	1
47140602	4
47140605	0
47141089	9
47141150	0
47141185	1
47141196	7
47141333	2
47141384	5
47141401	1
47141418	5
47141540	0
47141557	1
47141649	8
47141678	0
47141680	4
47141686	6
47141748	4
47141842	7
47141890	6
47141951	2
47142031	1
47142074	1
47142460	1
47142462	9
47142555	2
47142570	0
47142626	7
47142652	5
47142725	3
47142799	0
47142820	2
47142823	6
47142917	1
47142925	5
47142926	1
47142940	7
47142953	5
47142955	1
47143219	3
47143274	0
47143387	4
47143408	7
47143453	0
47143470	6
47143711	6
47143728	1
47143793	0
47144302	0
47144318	8
47145718	9
47146301	2
47146648	9
47147804	2
47148601	7
47148680	7
47148720	3
47148998	2
47149355	7
47149356	0
47149710	0
47149717	7
47149726	2
47149727	0
47149805	3
47149934	7
47150003	5
47150595	4
47150692	7
47150920	6
47150959	2
47151021	5
47151055	0
47151072	4
47151073	3
47151088	8
47151091	5
47151107	4
47151117	9
47151118	1
47151367	1
47151409	4
47151430	9
47151433	5
47151437	3
47151470	5
47151697	3
47151776	0
47151786	4
47151793	4
47151872	5
47151892	7
47151952	8
47151981	1
47151989	8
47152013	4
47152072	5
47152141	6
47152198	0
47152572	5
47152602	4
47152643	0
47152689	6
47152716	5
47152783	6
47152894	1
47152898	6
47152906	1
47152927	4
47152973	3
47153208	6
47153218	4
47153222	9
47153225	2
47153333	2
47153347	4
47153377	8
47153385	5
47153595	3
47153698	8
47153927	2
47153935	3
47153972	5
47154121	8
47154176	1
47154782	10
47154869	0
47154978	4
47155193	2
47155451	0
47155457	1
47155485	1
47155514	2
47155523	3
47155524	2
47155550	6
47155573	3
47155635	3
47155654	4
47155697	7
47155858	6
47156009	3
47156122	5
47156269	1
47156424	3
47156838	3
47156871	6
47156975	0
47157109	2
47157241	8
47157417	9
47157459	4
47157844	0
47158112	7
47158242	3
47158244	3
47158251	3
47158771	6
47159119	6
47159950	4
47159968	8
47160781	1
47160949	1
47161001	10
47161069	4
47161181	9
47161587	6
47161930	2
47162055	5
47162136	2
47162663	9
47162698	2
47162859	2
47163008	4
47163367	9
47163631	6
47163758	6
48013247	8
48014135	3
48014565	7
48014583	4
48014588	4
48014613	6
48014749	1
48014773	1
48014779	3
48014975	2
48014982	7
48014988	6
48015122	6
48015161	2
48015200	0
48015505	3
48015513	5
48015518	7
48015543	2
48015607	7
48015912	3
48015938	0
48016034	3
48016166	2
48016189	1
48016241	7
48016253	0
48016262	2
48016570	4
48016617	1
48016624	2
48016631	5
48016632	1
48016680	5
48016690	2
48016879	2
48017181	2
48017333	6
48017340	0
48017479	3
48017607	6
48017639	3
48017712	5
48017738	3
48017798	8
48017873	8
48017963	7
48018053	1
48018074	3
48018269	3
48018734	2
48018986	6
48019124	7
48019147	1
48019153	6
48019222	8
48019320	6
48019330	8
48019438	8
48019598	5
48019776	7
48019973	2
48020460	3
48020479	5
48020654	1
48020680	1
48021269	4
48021323	5
48021514	3
48021527	3
48021960	5
48022083	7
48022120	6
48022362	0
48022392	5
48022734	2
48022933	3
48023031	5
48023064	0
48023071	6
48023176	7
48023308	1
48023352	9
48023681	1
48024023	1
48024125	1
48024211	4
48024574	4
48024575	3
48024594	6
48024831	7
48024855	6
48025580	6
48025604	1
48025837	4
48025950	0
48026044	6
48026106	6
48026111	6
48026124	2
48026126	3
48026416	7
48026859	7
48026943	2
48027674	4
48027706	4
48028141	3
48028342	1
48028553	0
48028574	7
48028721	3
48028908	1
48029593	3
48029759	2
48029916	0
48030052	6
48030053	0
48030246	5
48030320	2
48030777	0
48031409	2
48031742	6
48032682	2
48033250	2
48035166	8
48035265	3
48035501	2
48035505	8
48035533	6
48035737	4
48035752	8
48035828	7
48035994	9
48036276	8
48036383	5
48036656	4
48036663	7
48036663	8
48036766	7
48036767	9
48036972	6
48036998	4
48037108	0
48037113	2
48037145	8
48037195	3
48037397	7
48037437	8
48037455	6
48037494	5
48037518	1
48037555	8
48037556	0
48037887	5
48037888	9
48037889	7
48037892	5
48037896	0
48037948	2
48037957	7
48037975	6
48037980	1
48038056	9
48038057	8
48038110	9
48038327	7
48038335	6
48038336	4
48038346	7
48038365	4
48038387	3
48038598	5
48038612	7
48038621	3
48038922	7
48038991	1
48038995	3
48039004	3
48039027	8
48039060	2
48039074	7
48039080	7
48039101	7
48039102	5
48039107	4
48039137	8
48039152	5
48039182	6
48039200	3
48039325	6
48039554	9
48039571	5
48039592	9
48039689	5
48039707	1
48039737	8
48039754	2
48039762	8
48039849	6
48039896	3
48039994	0
48040062	9
48040094	4
48040470	1
48040481	1
48040578	8
48040587	4
48040594	8
48040652	2
48040686	1
48040767	5
48040989	8
48041000	3
48041533	5
48042338	3
48042565	4
48042713	4
48042714	3
48042965	0
48042990	5
48042992	4
48043009	9
48043059	5
48043090	5
48043802	1
48044256	3
48044312	3
48044569	4
48044753	4
48045047	4
48045500	6
48045738	1
48045785	7
48046047	1
48046049	7
48046094	9
48046204	6
48046287	4
48046293	3
48046300	2
48046580	2
48046613	6
48046864	9
48047027	1
48047257	1
48047332	5
48047403	8
48047440	7
48047481	0
48047503	8
48047545	3
48047550	2
48047630	6
48048109	4
48048198	2
48048228	2
48048352	9
48048506	4
48048553	0
48048808	1
48048911	8
48049129	0
48049153	7
48049348	6
48049699	4
48049741	6
48049832	2
48050016	1
48050044	3
48050219	0
48050433	1
48050493	8
48050533	1
48050634	1
48050683	7
48050707	3
48050881	9
48050890	5
48050981	3
48051009	1
48051377	9
48051864	9
48051881	6
48052011	8
48052131	6
48052190	3
48052342	7
48052538	3
48052774	9
48053246	1
48053372	1
48053410	0
48053743	5
48056013	0
48056022	9
48056052	6
