symbol,entry_time,exit_time,entry_price,exit_price,exit_pnl_pct,peak_pnl_pct,trough_pnl_pct,exit_reason,exit_reason_cat,n_portfolios,total_minutes_held,minutes_to_peak,live_config_id
XPL,2026-03-05T20:28:36.792384+00:00,2026-03-09T13:31:23.525426+00:00,0.78999,0.8353000283241272,5.7355,5.7355,-2.5304,signal,vdd_signal,1,259,259,lc_4eba845ea079
FSTR,2026-03-05T20:29:14.471076+00:00,2026-03-06T17:11:31.407712+00:00,29.55,28.072499999999998,-5.0,1.5567,-5.6176,guard_stop,guard_stop,1,21,8,lc_4eba845ea079
NFLX,2026-03-05T20:29:24.534324+00:00,2026-03-09T16:08:19.286432+00:00,99.175,97.56500244140625,-1.6234,0.6203,-2.5309,signal,vdd_signal,1,2085,762,lc_4eba845ea079
AMPX,2026-03-05T20:36:40.762202+00:00,2026-03-09T16:08:19.908201+00:00,14.771,16.6299991607666,12.5855,18.4077,-4.8812,signal,vdd_signal,2,1437,1395,lc_4eba845ea079
BTDR,2026-03-05T20:36:41.779385+00:00,2026-03-06T14:42:06.807805+00:00,7.765,7.3767499999999995,-5.0,2.2537,-4.8294,guard_stop,guard_stop,1,138,33,lc_4eba845ea079
KHC,2026-03-05T20:42:49.056018+00:00,2026-03-09T13:31:26.395201+00:00,24.3,24.375,0.3086,1.0494,-3.2305,signal,vdd_signal,2,723,602,lc_4eba845ea079
EA,2026-03-05T20:47:54.277528+00:00,2026-03-06T16:34:20.346060+00:00,200.95,198.05999755859375,-1.4382,0.0249,-2.1299,signal,vdd_signal,2,277,0,lc_4eba845ea079
CHAC,2026-03-06T14:32:43.112080+00:00,2026-03-09T13:31:27.417237+00:00,10.3,10.31,0.0971,0.4854,-0.1942,signal,vdd_signal,2,299,283,lc_4eba845ea079
GNK,2026-03-06T14:33:12.566069+00:00,2026-03-06T16:34:21.963529+00:00,21.68,22.209999084472656,2.4446,3.3206,0.0923,signal,vdd_signal,2,109,11,lc_4eba845ea079
TEN,2026-03-06T14:33:17.324135+00:00,2026-03-09T16:08:20.991425+00:00,34.3,37.939998626708984,10.6122,10.6122,-0.5539,signal,vdd_signal,2,465,464,lc_4eba845ea079
GCO,2026-03-06T14:33:30.095143+00:00,2026-03-06T14:39:44.674948+00:00,31.28,29.716,-5.0,-0.8951,-9.9425,guard_stop,guard_stop,2,5,1,lc_4eba845ea079
HOOD,2026-03-06T14:35:50.500392+00:00,2026-03-09T13:31:30.667806+00:00,77.3584,78.6422,1.6595,2.051,-3.4623,signal,vdd_signal,2,872,148,lc_4eba845ea079
ALV,2026-03-06T14:37:41.614790+00:00,2026-03-09T13:31:33.251540+00:00,108.74,110.52,1.6369,2.1381,-1.2047,signal,vdd_signal,2,338,273,lc_4eba845ea079
GDRX,2026-03-06T14:38:02.530828+00:00,2026-03-06T15:43:41.964140+00:00,2.28,2.166,-5.0,1.5351,-5.7018,guard_stop,guard_stop,1,63,4,lc_4eba845ea079
LLY,2026-03-06T14:40:41.507058+00:00,2026-03-09T16:08:23.263228+00:00,969.72,992.1500244140625,2.313,3.6098,-0.331,signal,vdd_signal,2,970,920,lc_4eba845ea079
ATEX,2026-03-06T14:44:08.450798+00:00,2026-03-10T15:17:25.956013+00:00,38.54,39.060001373291016,1.3493,5.0856,-2.5947,signal,vdd_signal,2,514,256,lc_4eba845ea079
ALNT,2026-03-06T14:44:11.929125+00:00,2026-03-10T14:42:16.992324+00:00,58.405,64.30999755859375,10.1104,13.2609,-2.5549,signal,vdd_signal,2,495,236,lc_4eba845ea079
IMPP,2026-03-06T14:46:45.744217+00:00,2026-03-06T19:21:01.099332+00:00,4.23,4.570000171661377,8.0378,9.9291,0.9456,signal,vdd_signal,1,242,232,lc_4eba845ea079
AUR,2026-03-06T14:51:33.913260+00:00,2026-03-06T17:26:56.448679+00:00,4.425,4.440000057220459,0.339,1.1299,-2.2599,signal,vdd_signal,1,154,33,lc_4eba845ea079
RTX,2026-03-06T14:53:45.131646+00:00,2026-03-06T18:12:45.175301+00:00,204.7,206.9149932861328,1.0821,1.8376,-0.4543,signal,vdd_signal,1,198,198,lc_ab8aa7f25745
GOOG,2026-03-06T14:53:59.197462+00:00,2026-03-06T18:25:58.791324+00:00,297.81,299.80999755859375,0.6716,0.8294,-0.1231,signal,vdd_signal,1,211,44,lc_ab8aa7f25745
WLY,2026-03-06T14:54:32.116630+00:00,2026-03-09T13:31:38.441440+00:00,36.3,37.25,2.6171,5.2342,-2.1625,signal,vdd_signal,1,314,294,lc_ab8aa7f25745
LNG,2026-03-06T14:56:28.114531+00:00,2026-03-09T16:08:26.785318+00:00,252.06,255.97000122070312,1.5512,5.5304,-0.4503,signal,vdd_signal,1,882,578,lc_ab8aa7f25745
BR,2026-03-06T14:59:27.624163+00:00,2026-03-06T18:26:00.553862+00:00,191.08,194.02499389648438,1.5412,1.7296,-0.5914,signal,vdd_signal,1,186,61,lc_ab8aa7f25745
MRVL,2026-03-06T15:00:15.151396+00:00,2026-03-09T18:17:01.466966+00:00,87.54,90.52729797363281,3.4125,6.5456,-3.7583,signal,vdd_signal,1,1167,197,lc_ab8aa7f25745
CAG,2026-03-06T15:16:22.475239+00:00,2026-03-06T19:21:04.249737+00:00,18.435,18.899999618530273,2.5224,2.6309,0.0,signal,vdd_signal,2,244,242,lc_ab8aa7f25745
COO,2026-03-06T15:18:50.213130+00:00,2026-03-06T17:27:02.644147+00:00,76.43,77.9000015258789,1.9233,1.9757,-0.2748,signal,vdd_signal,2,128,100,lc_ab8aa7f25745
BP,2026-03-06T16:09:06.646214+00:00,2026-03-09T13:36:39.031535+00:00,40.085,40.630001068115234,1.3596,2.9063,-0.3742,signal,vdd_signal,2,735,659,lc_4eba845ea079
LMT,2026-03-06T16:10:45.089126+00:00,2026-03-10T15:14:55.029825+00:00,664.52,657.9500122070312,-0.9887,3.7305,-2.483,signal,vdd_signal,1,1947,528,lc_3aec6a88deb8
LHX,2026-03-06T16:13:20.427813+00:00,2026-03-06T18:12:54.658550+00:00,360.5092,363.0198974609375,0.6964,0.849,-0.1385,signal,vdd_signal,1,117,117,lc_3aec6a88deb8
ONDS,2026-03-06T16:13:26.536441+00:00,2026-03-06T19:59:12.827526+00:00,10.7201,10.184095,-5.0,2.6474,-4.9598,guard_stop,guard_stop,1,225,138,lc_3aec6a88deb8
SBR,2026-03-06T16:19:09.349964+00:00,2026-03-11T18:28:22.311270+00:00,73.0,74.94000244140625,2.6575,3.4247,-0.6849,signal,vdd_signal,1,288,165,lc_3aec6a88deb8
NUTX,2026-03-06T16:43:20.792176+00:00,2026-03-06T20:34:00.978373+00:00,94.505,89.77974999999999,-5.0,0.1852,-4.7511,guard_stop,guard_stop,4,173,0,lc_4eba845ea079
GAP,2026-03-06T16:45:28.205653+00:00,2026-03-06T19:21:09.599309+00:00,23.715,23.760000228881836,0.1898,0.506,-1.2229,signal,vdd_signal,4,155,132,lc_4eba845ea079
GWRE,2026-03-06T16:46:11.797814+00:00,2026-03-06T18:26:10.207164+00:00,167.065,168.5500030517578,0.8889,1.3797,-0.7668,signal,vdd_signal,2,96,95,lc_ffe3568bd65c
JD,2026-03-06T16:58:32.068722+00:00,2026-03-09T16:46:29.975949+00:00,27.02,27.399999618530273,1.4064,1.4064,-2.0355,signal,vdd_signal,3,856,776,lc_ffe3568bd65c
AEP,2026-03-06T17:07:01.306815+00:00,2026-03-06T20:01:58.758698+00:00,130.61,132.61000061035156,1.5313,1.5236,0.0459,signal,vdd_signal,3,172,152,lc_ffe3568bd65c
DAWN,2026-03-06T17:11:14.723986+00:00,2026-03-06T19:21:14.508793+00:00,21.175,21.200000762939453,0.1181,0.1181,-0.1181,signal,vdd_signal,4,129,83,lc_ffe3568bd65c
MMED,2026-03-06T17:13:38.301123+00:00,2026-03-06T20:55:50.963801+00:00,19.55,18.5725,-5.0,2.3018,-6.266,guard_stop,guard_stop,3,221,9,lc_4eba845ea079
DKNG,2026-03-06T17:15:05.634937+00:00,2026-03-09T16:08:30.561827+00:00,24.9701,24.860000610351562,-0.4409,1.3212,-3.3644,signal,vdd_signal,4,503,257,lc_ffe3568bd65c
MDT,2026-03-06T17:15:44.099142+00:00,2026-03-06T19:21:19.389700+00:00,90.75,91.12000274658203,0.4077,0.4077,-0.1873,signal,vdd_signal,4,125,116,lc_ffe3568bd65c
DIS,2026-03-06T17:17:10.180737+00:00,2026-03-06T20:02:03.389018+00:00,100.77,101.08999633789062,0.3176,0.5656,-0.1985,signal,vdd_signal,4,164,163,lc_ffe3568bd65c
COST,2026-03-06T17:18:05.182674+00:00,2026-03-09T16:08:32.248653+00:00,993.4087,1000.47998046875,0.7118,1.1779,-0.6391,signal,vdd_signal,4,718,666,lc_ffe3568bd65c
COST,2026-03-06T17:22:09.781980+00:00,2026-03-06T17:44:04.353025+00:00,996.88,996.88,0.0,0.0722,-0.2207,duplicate_symbol_cleanup,cleanup,4,21,0,lc_ffe3568bd65c
FDX,2026-03-06T17:24:09.223280+00:00,2026-03-09T16:08:33.985657+00:00,357.4,351.0299987792969,-1.7823,0.5288,-4.7538,signal,vdd_signal,4,541,211,lc_ffe3568bd65c
AVGO,2026-03-06T17:42:51.135132+00:00,2026-03-09T16:08:35.853988+00:00,337.29,332.55999755859375,-1.4024,1.813,-5.1884,signal,vdd_signal,6,881,878,lc_4eba845ea079
CAC,2026-03-06T17:48:14.323640+00:00,2026-03-09T17:24:25.466584+00:00,45.23,45.23,0.0,1.8351,-2.4762,reconcile_no_alpaca_position,reconcile,2,97,46,lc_5f4d69488fc0
AQN,2026-03-06T17:48:52.769118+00:00,2026-03-09T16:08:40.621207+00:00,6.15,6.159999847412109,0.1626,1.7886,-2.4195,signal,vdd_signal,2,426,418,lc_ffe3568bd65c
MEOH,2026-03-06T17:50:28.838295+00:00,2026-03-10T18:38:46.591271+00:00,50.955,50.630001068115234,-0.6378,7.9798,-3.768,signal,vdd_signal,4,898,307,lc_ffe3568bd65c
DTI,2026-03-06T18:36:00.092708+00:00,2026-03-10T13:31:01.076290+00:00,3.64,3.92,7.6923,8.7912,-3.2967,signal,vdd_signal,2,260,259,lc_ffe3568bd65c
OLP,2026-03-06T18:38:20.001461+00:00,2026-03-09T19:29:53.555542+00:00,23.44,23.420000076293945,-0.0853,1.4932,-2.0798,signal,vdd_signal,5,156,20,lc_ab8aa7f25745
OMDA,2026-03-06T18:44:58.963825+00:00,2026-03-10T14:28:12.882647+00:00,13.905,14.5600004196167,4.7105,15.0665,-6.5085,signal,vdd_signal,3,669,590,lc_ab8aa7f25745
OMDA,2026-03-06T18:45:00.779189+00:00,2026-03-09T16:08:17.879833+00:00,13.93,13.93,0.0,7.5377,-2.369,reconcile_no_alpaca_position,reconcile,2,346,214,lc_7f825dbe311c
DSX,2026-03-06T18:50:16.960596+00:00,2026-03-09T16:08:46.152023+00:00,2.385,2.3949999809265137,0.4193,6.7086,-3.5639,signal,vdd_signal,2,307,306,lc_ffe3568bd65c
WFC,2026-03-06T19:03:13.715349+00:00,2026-03-09T16:08:46.814130+00:00,80.17,77.5999984741211,-3.2057,0.5613,-3.9292,signal,vdd_signal,3,475,158,lc_ab8aa7f25745
DUOL,2026-03-06T19:03:40.634414+00:00,2026-03-09T16:08:17.715552+00:00,100.03,100.03,0.0,4.3487,-1.5295,reconcile_no_alpaca_position,reconcile,2,512,477,lc_7f825dbe311c
KKR,2026-03-06T19:23:05.234071+00:00,2026-03-09T19:20:38.393003+00:00,91.56,89.55999755859375,-2.1844,0.7754,-4.893,signal,vdd_signal,4,597,109,lc_4eba845ea079
MA,2026-03-06T19:23:38.541660+00:00,2026-03-09T16:38:26.202676+00:00,516.42,512.89501953125,-0.6826,1.2742,-1.3671,signal,vdd_signal,4,470,133,lc_4eba845ea079
SOFI,2026-03-06T19:25:04.220347+00:00,2026-03-09T13:34:10.416299+00:00,19.05,18.0975,-5.0,0.9449,-5.9843,guard_stop,guard_stop,2,858,10,lc_7f825dbe311c
WBD,2026-03-06T19:28:15.095035+00:00,2026-03-09T17:24:25.570725+00:00,27.9,27.9,0.0,0.2832,-0.8961,reconcile_no_alpaca_position,reconcile,2,456,36,lc_7f825dbe311c
HURC,2026-03-06T19:30:10.668802+00:00,2026-03-09T16:08:17.272177+00:00,15.69,15.69,0.0,3.1141,-2.8681,reconcile_no_alpaca_position,reconcile,1,45,32,lc_7f825dbe311c
MSFT,2026-03-06T19:32:48.831919+00:00,2026-03-09T16:08:53.857354+00:00,410.23,408.0,-0.5436,0.2974,-2.3865,signal,vdd_signal,2,801,30,lc_7f825dbe311c
NVDA,2026-03-06T19:38:13.073005+00:00,2026-03-09T18:24:09.770994+00:00,180.067479,180.11000061035156,0.0236,0.3846,-3.4306,signal,vdd_signal,2,945,837,lc_7f825dbe311c
AMD,2026-03-06T19:41:13.935498+00:00,2026-03-09T16:08:57.455312+00:00,195.95,193.24000549316406,-1.383,0.3474,-5.5882,signal,vdd_signal,1,1035,1034,lc_a45bcdf03acb
KEY,2026-03-06T20:06:03.854368+00:00,2026-03-09T16:08:17.776860+00:00,19.9,19.9,0.0,0.0251,-4.5729,reconcile_no_alpaca_position,reconcile,2,284,0,lc_7f825dbe311c
FBNC,2026-03-06T20:06:15.586783+00:00,2026-03-09T16:08:17.522568+00:00,56.15,56.15,0.0,0.0178,-4.6839,reconcile_no_alpaca_position,reconcile,1,108,15,lc_7f825dbe311c
OKTA,2026-03-06T21:01:23.150140+00:00,2026-03-09T16:16:58.504828+00:00,80.72,80.48999786376953,-0.2849,0.3593,-3.3573,signal,vdd_signal,3,285,27,lc_4eba845ea079
SPRY,2026-03-09T13:33:14.838337+00:00,2026-03-09T14:04:52.339213+00:00,9.25,8.7875,-5.0,1.8378,-5.7297,guard_stop,guard_stop,1,29,0,lc_4eba845ea079
KFY,2026-03-09T13:33:33.341221+00:00,2026-03-09T17:20:07.169995+00:00,63.36,61.66999816894531,-2.6673,-2.178,-4.2298,signal,vdd_signal,3,152,63,lc_4eba845ea079
CGNX,2026-03-09T13:33:35.732178+00:00,2026-03-09T16:44:39.887535+00:00,48.92,49.599998474121094,1.39,1.9828,-1.2674,signal,vdd_signal,3,185,87,lc_4eba845ea079
SBET,2026-03-09T13:35:21.707179+00:00,2026-03-09T16:09:02.900065+00:00,7.54,7.480000019073486,-0.7958,0.3316,-2.8515,signal,vdd_signal,1,153,14,lc_4eba845ea079
HRTG,2026-03-09T13:35:28.084298+00:00,2026-03-09T14:14:37.722288+00:00,28.13,26.723499999999998,-5.0,0.4266,-4.8845,guard_stop,guard_stop,4,30,6,lc_4eba845ea079
DDD,2026-03-09T13:35:32.831664+00:00,2026-03-09T13:49:28.198577+00:00,2.33,2.2135,-5.0,0.2146,-3.4335,guard_stop,guard_stop,1,13,0,lc_4eba845ea079
HIMS,2026-03-09T13:39:01.945512+00:00,2026-03-09T19:18:15.250491+00:00,21.22,22.47800064086914,5.9284,6.2582,-0.754,signal,vdd_signal,5,338,4,lc_4eba845ea079
MSFT,2026-03-09T13:39:16.576274+00:00,2026-03-09T15:26:37.294387+00:00,405.065,405.54,0.1173,0.9986,-0.3666,signal,vdd_signal,3,106,103,lc_ab8aa7f25745
TEX,2026-03-09T13:42:18.946569+00:00,2026-03-09T18:35:45.648901+00:00,60.225,59.93000030517578,-0.4898,0.0415,-2.8975,signal,vdd_signal,2,282,182,lc_a22666d3a424
TGNA,2026-03-09T13:42:22.341710+00:00,2026-03-09T19:22:58.160612+00:00,20.565,20.895000457763672,1.6047,1.7749,-0.3161,signal,vdd_signal,2,331,217,lc_a22666d3a424
IOSP,2026-03-09T13:42:52.610240+00:00,2026-03-09T19:34:25.087021+00:00,70.255,71.53500366210938,1.8219,1.8219,-1.459,signal,vdd_signal,2,143,143,lc_a22666d3a424
NXST,2026-03-09T13:44:32.078085+00:00,2026-03-09T16:08:17.669020+00:00,242.93,242.93,0.0,-0.5598,-2.3916,reconcile_no_alpaca_position,reconcile,1,55,19,lc_280681de3747
SNDR,2026-03-09T13:44:41.994249+00:00,2026-03-10T14:49:52.644104+00:00,24.87,26.0,4.5436,4.7447,-1.1259,signal,vdd_signal,2,404,404,lc_a22666d3a424
MU,2026-03-09T13:45:11.555118+00:00,2026-03-09T16:08:18.091575+00:00,359.53,359.53,0.0,5.6262,-0.4033,reconcile_no_alpaca_position,reconcile,1,142,141,lc_280681de3747
PCG,2026-03-09T13:47:08.738664+00:00,2026-03-10T17:05:25.161470+00:00,18.015,18.364999771118164,1.9428,1.9428,-0.6384,signal,vdd_signal,2,678,614,lc_a22666d3a424
BETA,2026-03-09T13:47:52.596904+00:00,2026-03-09T16:36:42.289813+00:00,18.77,19.209999084472656,2.3442,3.1966,-1.4912,signal,vdd_signal,2,155,154,lc_a22666d3a424
BMNR,2026-03-09T13:49:16.425149+00:00,2026-03-09T16:09:13.241880+00:00,19.66,19.885000228881836,1.1445,1.1445,-1.5514,signal,vdd_signal,2,139,137,lc_a22666d3a424
VGZ,2026-03-09T13:49:31.863088+00:00,2026-03-09T17:34:05.992649+00:00,2.35,2.319999933242798,-1.2766,0.2128,-4.217,signal,vdd_signal,1,180,0,lc_4eba845ea079
MSTR,2026-03-09T13:51:18.963914+00:00,2026-03-09T17:24:25.611752+00:00,137.04,137.04,0.0,1.6127,-1.204,reconcile_no_alpaca_position,reconcile,1,212,94,lc_280681de3747
DOW,2026-03-09T13:55:34.157599+00:00,2026-03-09T16:36:45.374986+00:00,34.92,35.45800018310547,1.5407,1.5879,-1.0023,signal,vdd_signal,2,160,74,lc_a22666d3a424
RCAT,2026-03-09T13:56:31.197226+00:00,2026-03-09T14:10:11.956021+00:00,15.35,14.5825,-5.0,0.0977,-5.798,guard_stop,guard_stop,2,13,4,lc_a22666d3a424
LYB,2026-03-09T13:58:22.707479+00:00,2026-03-09T16:38:45.332500+00:00,68.615,68.79000091552734,0.255,0.736,-2.1788,signal,vdd_signal,2,159,63,lc_a22666d3a424
WBD,2026-03-09T13:58:36.364093+00:00,2026-03-09T19:04:00.306558+00:00,27.825,27.780000686645508,-0.1617,0.1078,-0.2695,signal,vdd_signal,2,305,84,lc_a22666d3a424
QURE,2026-03-09T14:01:18.919242+00:00,2026-03-09T14:12:38.429033+00:00,17.49,16.615499999999997,-5.0,-0.3431,-5.0886,guard_stop,guard_stop,2,10,4,lc_a22666d3a424
GEV,2026-03-09T14:03:11.497336+00:00,2026-03-11T14:02:15.979694+00:00,796.43,848.3499755859375,6.5191,7.0191,-0.361,signal,vdd_signal,2,1698,1158,lc_a22666d3a424
ICE,2026-03-09T14:03:59.552492+00:00,2026-03-09T18:35:52.085181+00:00,163.685,165.7075958251953,1.2357,1.3838,-0.6323,signal,vdd_signal,2,268,167,lc_a22666d3a424
PROF,2026-03-09T14:05:35.314569+00:00,2026-03-10T15:10:26.283298+00:00,4.95,5.554699897766113,12.2162,14.5455,-2.8283,signal,vdd_signal,1,376,98,lc_4eba845ea079
XENE,2026-03-09T14:12:47.152638+00:00,2026-03-09T19:39:06.741402+00:00,59.31,62.07749938964844,4.6662,5.6146,-0.5225,signal,vdd_signal,2,325,154,lc_a22666d3a424
UBER,2026-03-09T14:13:43.718335+00:00,2026-03-09T16:09:20.264201+00:00,72.22,73.55999755859375,1.8554,1.9143,-0.1246,signal,vdd_signal,2,115,115,lc_a22666d3a424
UHS,2026-03-09T14:31:27.531673+00:00,2026-03-10T13:31:08.290119+00:00,182.19,191.02499389648438,4.8493,4.8493,0.1894,signal,vdd_signal,7,325,324,lc_4eba845ea079
PSTG,2026-03-09T14:34:55.008142+00:00,2026-03-09T18:24:26.877561+00:00,60.965,62.0099983215332,1.7141,1.9847,0.3937,signal,vdd_signal,2,226,51,lc_d58c66d24787
EIX,2026-03-09T14:35:39.959683+00:00,2026-03-10T17:09:43.579539+00:00,69.27,71.80000305175781,3.6524,3.7679,-0.1444,signal,vdd_signal,2,637,547,lc_d58c66d24787
UTHR,2026-03-09T14:44:13.965709+00:00,2026-03-09T18:31:14.765819+00:00,512.07,518.5900268554688,1.2733,2.5192,-0.3261,signal,vdd_signal,2,170,73,lc_d58c66d24787
SPRB,2026-03-09T14:45:40.355418+00:00,2026-03-09T16:08:17.353083+00:00,56.59,56.59,0.0,12.458,-0.9631,reconcile_no_alpaca_position,reconcile,1,21,17,lc_502c2e63f56b
LLY,2026-03-09T14:52:39.439091+00:00,2026-03-10T15:12:47.869918+00:00,993.851,1004.77197265625,1.0989,2.0646,-0.0514,signal,vdd_signal,2,830,571,lc_d58c66d24787
EDIT,2026-03-09T14:58:29.609940+00:00,2026-03-09T17:22:48.741297+00:00,2.425,2.3037499999999995,-5.0,1.6495,-5.1546,guard_stop,guard_stop,2,140,80,lc_d58c66d24787
ETOR,2026-03-09T15:18:04.473464+00:00,2026-03-11T08:00:30.873722+00:00,31.825,31.95,0.3928,0.4556,-3.6616,signal,vdd_signal,2,584,228,lc_d58c66d24787
MSTR,2026-03-09T15:21:01.870920+00:00,2026-03-09T16:08:17.292382+00:00,138.213623,138.213623,0.0,0.7498,-0.8564,reconcile_no_alpaca_position,reconcile,1,46,4,lc_502c2e63f56b
IBIT,2026-03-09T15:23:46.784977+00:00,2026-03-09T16:53:01.415797+00:00,39.15,39.279998779296875,0.3321,0.3321,-0.4743,signal,vdd_signal,2,89,88,lc_d58c66d24787
AAOI,2026-03-09T15:28:58.375642+00:00,2026-03-10T15:17:36.206431+00:00,100.58,125.19010162353516,24.4682,25.0646,-1.2925,signal,vdd_signal,1,1053,1053,lc_ab8aa7f25745
AAOI,2026-03-09T15:29:07.964612+00:00,2026-03-10T15:17:36.926165+00:00,100.58,125.19010162353516,24.4682,25.0646,-1.2925,signal,vdd_signal,2,1052,1052,lc_d58c66d24787
HIMS,2026-03-09T15:35:49.803850+00:00,2026-03-09T19:18:32.798272+00:00,22.2601,22.47800064086914,0.9789,0.9789,-4.4703,signal,vdd_signal,2,222,221,lc_d58c66d24787
LYV,2026-03-09T15:38:33.578783+00:00,2026-03-11T15:09:28.258012+00:00,164.675,166.24000549316406,0.9504,2.1041,-1.4119,signal,vdd_signal,2,900,300,lc_d58c66d24787
RKT,2026-03-09T15:39:01.873169+00:00,2026-03-09T19:25:35.628467+00:00,15.04,15.194999694824219,1.0306,1.7287,-0.4987,signal,vdd_signal,2,225,225,lc_d58c66d24787
NVO,2026-03-09T15:39:07.672263+00:00,2026-03-09T18:38:24.250730+00:00,39.4299,39.345001220703125,-0.2153,0.9767,-0.6845,signal,vdd_signal,2,178,64,lc_d58c66d24787
SCVL,2026-03-09T15:48:12.495205+00:00,2026-03-10T14:23:37.265423+00:00,18.2299,19.024999618530273,4.3615,4.5535,-0.0269,signal,vdd_signal,2,182,182,lc_d58c66d24787
PARR,2026-03-09T15:49:12.023374+00:00,2026-03-09T18:50:04.207612+00:00,48.225,47.709999084472656,-1.0679,0.7776,-2.5816,signal,vdd_signal,2,177,14,lc_d58c66d24787
RGNX,2026-03-09T15:51:08.926388+00:00,2026-03-10T19:01:55.223010+00:00,10.51,9.984499999999999,-5.0,2.2835,-6.7555,guard_stop,guard_stop,2,473,243,lc_d58c66d24787
PBF,2026-03-09T15:51:39.991414+00:00,2026-03-09T17:18:22.850522+00:00,43.07,40.9165,-5.0,0.2554,-4.9106,guard_stop,guard_stop,2,86,12,lc_d58c66d24787
NVDA,2026-03-09T16:03:19.969247+00:00,2026-03-09T18:24:38.924774+00:00,179.6101,180.11000061035156,0.2783,0.6402,-0.3035,signal,vdd_signal,2,140,32,lc_d58c66d24787
VRT,2026-03-09T16:23:13.514729+00:00,2026-03-10T17:20:32.533100+00:00,262.51,271.9100036621094,3.5808,4.6093,-1.2647,signal,vdd_signal,2,980,841,lc_4eba845ea079
CCL,2026-03-09T16:38:43.828019+00:00,2026-03-09T18:17:42.085988+00:00,25.055,25.199899673461914,0.5783,0.6386,-0.7184,signal,vdd_signal,4,98,98,lc_4eba845ea079
C,2026-03-09T16:40:34.490636+00:00,2026-03-09T18:36:08.489775+00:00,103.59,103.62000274658203,0.029,0.3668,-0.7144,signal,vdd_signal,4,115,4,lc_4eba845ea079
AZO,2026-03-09T16:56:06.960898+00:00,2026-03-10T13:55:16.658535+00:00,3663.96,3700.0,0.9836,1.0995,-0.3548,signal,vdd_signal,5,247,247,lc_4eba845ea079
NFJ,2026-03-09T17:05:11.127449+00:00,2026-03-11T16:37:33.349894+00:00,12.84,12.970000267028809,1.0125,1.2461,-0.9798,signal,vdd_signal,4,335,71,lc_4eba845ea079
RNAC,2026-03-09T17:06:20.548407+00:00,2026-03-09T19:50:58.844187+00:00,8.385,8.890000343322754,6.0227,6.9767,-0.7752,signal,vdd_signal,3,125,24,lc_4eba845ea079
BMY,2026-03-09T17:08:02.149926+00:00,2026-03-09T19:02:02.246646+00:00,60.16,60.189998626708984,0.0499,0.133,-0.5485,signal,vdd_signal,4,113,9,lc_4eba845ea079
JNJ,2026-03-09T17:09:03.137559+00:00,2026-03-09T18:52:30.395974+00:00,242.7,242.59500122070312,-0.0433,0.0536,-0.5995,signal,vdd_signal,4,102,6,lc_4eba845ea079
GOOG,2026-03-09T17:18:30.022588+00:00,2026-03-09T18:45:41.891096+00:00,300.59,302.04998779296875,0.4857,0.5389,-0.1963,signal,vdd_signal,4,86,86,lc_ab8aa7f25745
PBR,2026-03-09T17:23:48.653072+00:00,2026-03-10T14:50:06.327571+00:00,18.2421,18.165000915527344,-0.4226,1.6385,-10.6463,signal,vdd_signal,5,759,115,lc_4eba845ea079
SOFI,2026-03-09T17:28:00.161343+00:00,2026-03-11T16:32:15.419558+00:00,18.225,18.235000610351562,0.0549,4.5816,-1.3717,signal,vdd_signal,2,1774,603,lc_f8b535777d26
DOMO,2026-03-09T17:29:29.364377+00:00,2026-03-10T16:02:19.658346+00:00,4.2483,4.329999923706055,1.9231,4.9031,-3.2554,signal,vdd_signal,2,231,129,lc_f8b535777d26
CBOE,2026-03-09T17:33:10.221106+00:00,2026-03-10T13:46:14.951271+00:00,302.285,287.17075,-5.0,2.5522,-5.1921,guard_stop,guard_stop,2,190,167,lc_f8b535777d26
CRC,2026-03-09T17:39:19.793879+00:00,2026-03-11T18:28:30.304597+00:00,64.57,62.83000183105469,-2.6947,0.9757,-8.6263,signal,vdd_signal,3,798,40,lc_4eba845ea079
AMRZ,2026-03-09T17:41:54.078359+00:00,2026-03-10T16:54:36.116695+00:00,56.84,59.47999954223633,4.6446,6.4391,-0.1759,signal,vdd_signal,2,429,144,lc_f8b535777d26
ORCL,2026-03-09T17:58:04.524136+00:00,2026-03-09T19:57:41.863775+00:00,148.06,148.06,0.0,2.6341,-0.0236,reconcile_no_alpaca_position,reconcile,1,118,100,lc_72f6df86086e
BCBP,2026-03-09T17:58:11.209718+00:00,2026-03-09T19:57:41.959608+00:00,8.0,8.0,0.0,2.75,0.0,reconcile_no_alpaca_position,reconcile,1,27,21,lc_72f6df86086e
LW,2026-03-09T17:59:39.449840+00:00,2026-03-10T19:23:08.187930+00:00,46.05,45.02000045776367,-2.2367,1.7807,-3.355,signal,vdd_signal,4,526,174,lc_f8b535777d26
PELI,2026-03-09T18:05:15.959686+00:00,2026-03-11T15:46:04.392065+00:00,10.27,10.289999961853027,0.1947,0.2921,0.0,signal,vdd_signal,4,239,45,lc_f8b535777d26
TMC,2026-03-09T18:23:05.841749+00:00,2026-03-10T15:44:15.939613+00:00,6.1239,6.434999942779541,5.0801,5.325,-0.97,signal,vdd_signal,3,500,266,lc_4eba845ea079
DNTH,2026-03-09T18:23:43.171346+00:00,2026-03-10T14:40:25.355401+00:00,77.95,82.69499969482422,6.0872,6.0872,-3.4509,signal,vdd_signal,5,216,214,lc_ab8aa7f25745
IQV,2026-03-09T18:30:51.460151+00:00,2026-03-11T13:52:08.961743+00:00,178.77,169.8315,-5.0,1.9578,-5.8847,guard_stop,guard_stop,6,605,113,lc_ab8aa7f25745
A,2026-03-09T18:32:43.066387+00:00,2026-03-10T14:59:24.539757+00:00,115.6,116.13999938964844,0.4671,1.4879,-0.9905,signal,vdd_signal,3,238,148,lc_d58c66d24787
FTRE,2026-03-09T18:35:08.895042+00:00,2026-03-10T14:28:45.758500+00:00,9.48,9.006,-5.0,8.0137,-5.1688,guard_stop,guard_stop,1,174,88,lc_d58c66d24787
XPEV,2026-03-09T18:47:46.057227+00:00,2026-03-11T18:37:43.020844+00:00,18.37,19.135000228881836,4.1644,6.0969,-1.0887,signal,vdd_signal,7,1413,1107,lc_4eba845ea079
ADEA,2026-03-09T18:53:22.304201+00:00,2026-03-11T16:34:59.171998+00:00,21.725,23.18000030517578,6.6974,8.1165,-2.0483,signal,vdd_signal,6,717,569,lc_ab8aa7f25745
AMD,2026-03-09T18:55:28.797013+00:00,2026-03-11T17:09:46.871138+00:00,197.8204,205.52000427246094,3.8922,5.6818,-0.3338,signal,vdd_signal,6,1951,1744,lc_ab8aa7f25745
GD,2026-03-09T19:02:05.167734+00:00,2026-03-10T15:18:08.235634+00:00,359.415,359.1600036621094,-0.0709,0.9975,-1.2006,signal,vdd_signal,6,302,92,lc_4eba845ea079
MSFT,2026-03-09T19:03:06.634239+00:00,2026-03-10T16:26:54.725489+00:00,405.05,406.989990234375,0.479,1.5899,-0.495,signal,vdd_signal,2,777,324,lc_6c9327c687ac
KLAR,2026-03-09T19:07:55.431364+00:00,2026-03-10T14:50:38.719321+00:00,14.165,14.829999923706055,4.6947,4.7653,-0.8119,signal,vdd_signal,2,313,312,lc_6c9327c687ac
LYFT,2026-03-09T19:12:42.141593+00:00,2026-03-11T13:31:30.154603+00:00,13.525,13.550000190734863,0.1848,2.5508,-2.6824,signal,vdd_signal,2,746,136,lc_6c9327c687ac
LMT,2026-03-09T19:22:21.017268+00:00,2026-03-10T15:15:57.550313+00:00,672.55,657.6300048828125,-2.2184,-0.7553,-3.6473,signal,vdd_signal,5,649,3,lc_4eba845ea079
CASY,2026-03-09T19:36:13.762302+00:00,2026-03-11T08:00:55.057415+00:00,658.9675,682.385,3.5537,5.1387,-2.5749,signal,vdd_signal,5,570,394,lc_4eba845ea079
BA,2026-03-09T20:01:58.143593+00:00,2026-03-10T17:27:44.488169+00:00,225.04,223.8206024169922,-0.5419,0.3999,-2.6029,signal,vdd_signal,3,667,239,lc_4eba845ea079
BA,2026-03-09T20:02:15.724370+00:00,2026-03-10T17:27:46.261078+00:00,225.04,223.8206024169922,-0.5419,0.3999,-2.6029,signal,vdd_signal,1,666,238,lc_6c9327c687ac
DOMO,2026-03-09T20:08:15.972164+00:00,2026-03-10T16:02:47.747926+00:00,4.27,4.329999923706055,1.4052,4.37,-3.7471,signal,vdd_signal,1,106,4,lc_72f6df86086e
SOFI,2026-03-09T20:08:16.013186+00:00,2026-03-11T16:47:21.482438+00:00,18.23,18.260000228881836,0.1646,4.5529,-1.3988,signal,vdd_signal,1,1628,442,lc_72f6df86086e
AZO,2026-03-09T20:08:16.040274+00:00,2026-03-10T19:06:42.354605+00:00,3673.158,3757.43505859375,2.2944,2.5646,-0.6043,signal,vdd_signal,1,360,200,lc_72f6df86086e
CRC,2026-03-09T20:08:16.060735+00:00,2026-03-10T19:00:41.029470+00:00,64.64,61.41,-4.9969,0.5569,-4.9969,alpaca_stop_fill (stop_price=61.41),alpaca_stop,1,327,4,lc_72f6df86086e
ORCL,2026-03-09T20:08:16.081302+00:00,2026-03-11T14:39:02.960156+00:00,148.06,165.945,12.0796,15.7774,0.3219,fractional_remainder_liquidated,cleanup,1,1798,1745,lc_72f6df86086e
AMRZ,2026-03-09T20:08:16.102432+00:00,2026-03-10T16:55:17.895996+00:00,56.87,59.47999954223633,4.5894,6.383,2.3563,signal,vdd_signal,1,288,2,lc_72f6df86086e
PBR,2026-03-09T20:08:16.123134+00:00,2026-03-11T20:02:16.504916+00:00,18.229917,18.989999771118164,4.1694,4.1969,-10.5865,signal,vdd_signal,1,1627,1615,lc_72f6df86086e
NFJ,2026-03-09T20:08:16.143633+00:00,2026-03-11T16:37:48.434889+00:00,12.84,12.970000267028809,1.0125,1.2461,-0.6231,signal,vdd_signal,1,264,0,lc_72f6df86086e
TMC,2026-03-09T20:08:16.164289+00:00,2026-03-10T15:42:33.894161+00:00,6.11,6.434999942779541,5.3191,5.5646,1.2275,signal,vdd_signal,1,393,161,lc_72f6df86086e
CBOE,2026-03-09T20:08:16.185142+00:00,2026-03-10T13:42:39.557872+00:00,302.49,287.01,-5.1175,2.4827,-4.8613,alpaca_stop_fill (stop_price=287.37),alpaca_stop,1,63,44,lc_72f6df86086e
KLAR,2026-03-09T20:08:17.388202+00:00,2026-03-10T19:15:11.943754+00:00,14.17,15.09000015258789,6.4926,6.8102,0.0353,signal,vdd_signal,1,518,385,lc_f41fd383423e
UNFI,2026-03-10T13:33:28.634228+00:00,2026-03-10T13:35:32.006467+00:00,39.0,37.05,-5.0,-5.6923,-7.6923,guard_stop,guard_stop,2,1,0,lc_ab8aa7f25745
UNFI,2026-03-10T13:34:15.691502+00:00,2026-03-10T13:35:32.784341+00:00,38.65,36.717499999999994,-5.0,-6.8564,-6.8564,guard_stop,guard_stop,1,0,0,lc_72f6df86086e
BA,2026-03-10T13:34:15.722591+00:00,2026-03-10T17:27:51.950982+00:00,223.24806,223.8206024169922,0.2565,1.0983,-1.8211,signal,vdd_signal,1,232,84,lc_72f6df86086e
EQIX,2026-03-10T13:35:48.325713+00:00,2026-03-10T17:51:22.238222+00:00,946.0,964.2249755859375,1.9265,1.9265,-0.1004,signal,vdd_signal,2,223,222,lc_ab8aa7f25745
CDE,2026-03-10T13:43:12.354857+00:00,2026-03-10T15:44:45.701698+00:00,23.62,23.940000534057617,1.3548,1.376,-1.5665,signal,vdd_signal,1,120,120,lc_72f6df86086e
GILD,2026-03-10T13:55:51.987207+00:00,2026-03-10T15:49:37.723791+00:00,148.005,149.08999633789062,0.7331,0.7331,-0.7398,signal,vdd_signal,3,113,112,lc_ab8aa7f25745
KSS,2026-03-10T14:00:20.917791+00:00,2026-03-10T16:38:29.450552+00:00,15.56,14.782,-5.0,8.6652,-5.045,guard_stop,guard_stop,1,157,19,lc_72f6df86086e
INSE,2026-03-10T14:00:20.951128+00:00,2026-03-10T18:35:29.678623+00:00,8.03,7.498367,-6.6206,3.1133,-5.2927,alpaca_stop_fill (stop_price=7.63),alpaca_stop,1,77,5,lc_72f6df86086e
TSM,2026-03-10T14:24:11.332129+00:00,2026-03-10T17:06:09.076293+00:00,347.1837,352.239990234375,1.4564,1.7846,0.0522,signal,vdd_signal,1,161,77,lc_d58c66d24787
TKO,2026-03-10T14:31:23.225309+00:00,2026-03-11T19:55:41.196675+00:00,208.735,201.14999389648438,-3.6338,0.915,-4.7357,signal,vdd_signal,2,654,165,lc_ab8aa7f25745
SMTC,2026-03-10T14:40:54.420062+00:00,2026-03-11T17:12:22.629139+00:00,87.1666,87.48500061035156,0.3653,2.9752,-1.78,signal,vdd_signal,2,477,300,lc_ab8aa7f25745
BMY,2026-03-10T14:58:57.942957+00:00,2026-03-10T16:55:26.076908+00:00,60.3,60.789798736572266,0.8123,0.8292,-0.1161,signal,vdd_signal,3,116,116,lc_ab8aa7f25745
RIVN,2026-03-10T14:59:30.945483+00:00,2026-03-10T19:23:35.016772+00:00,17.125,16.93000030517578,-1.1387,-0.2336,-2.4234,signal,vdd_signal,2,263,28,lc_ab8aa7f25745
CRWD,2026-03-10T15:13:10.382680+00:00,2026-03-10T19:23:36.418643+00:00,437.0725,436.6199951171875,-0.1035,0.5874,-1.3299,signal,vdd_signal,1,249,11,lc_d58c66d24787
LEU,2026-03-10T15:25:00.017656+00:00,2026-03-11T13:59:55.240721+00:00,201.335,202.6199951171875,0.6382,2.5356,-1.8055,signal,vdd_signal,2,552,158,lc_ab8aa7f25745
XOM,2026-03-10T15:30:18.828776+00:00,2026-03-11T18:16:53.361088+00:00,149.52,151.52490234375,1.3409,1.3443,-1.458,signal,vdd_signal,1,1032,815,lc_ab8aa7f25745
GD,2026-03-10T15:30:38.177138+00:00,2026-03-11T15:27:15.437598+00:00,359.62,355.7200012207031,-1.0845,0.1613,-2.2517,signal,vdd_signal,1,487,136,lc_72f6df86086e
DNTH,2026-03-10T15:30:38.198157+00:00,2026-03-11T13:59:58.047923+00:00,78.08,87.05000305175781,11.4882,13.4862,4.3801,signal,vdd_signal,1,393,258,lc_72f6df86086e
HPE,2026-03-10T15:46:16.768367+00:00,2026-03-11T14:54:41.926633+00:00,21.9,21.729999542236328,-0.7763,0.2511,-4.0639,signal,vdd_signal,1,529,0,lc_f8b535777d26
TMC,2026-03-10T15:47:40.256419+00:00,2026-03-11T14:15:27.620751+00:00,6.11,6.449999809265137,5.5646,6.7921,2.2913,signal,vdd_signal,1,467,104,lc_72f6df86086e
CDE,2026-03-10T15:47:40.276511+00:00,2026-03-11T13:32:17.995709+00:00,23.62,22.31,-5.5461,1.6511,-6.0542,alpaca_stop_fill (stop_price=22.44),alpaca_stop,1,468,23,lc_72f6df86086e
TDOC,2026-03-10T16:00:01.319609+00:00,2026-03-10T17:28:06.681844+00:00,5.62,5.684999942779541,1.1566,1.1566,-1.7794,signal,vdd_signal,2,87,30,lc_d58c66d24787
DOMO,2026-03-10T16:03:14.307914+00:00,2026-03-10T19:41:58.379496+00:00,4.27,4.400000095367432,3.0445,3.2787,-0.1171,signal,vdd_signal,1,158,48,lc_72f6df86086e
XGN,2026-03-10T16:03:53.092721+00:00,2026-03-10T16:46:41.040154+00:00,3.635,3.4532499999999997,-5.0,-0.2751,-7.0151,guard_stop,guard_stop,1,18,11,lc_f8b535777d26
LMT,2026-03-10T16:47:27.042494+00:00,2026-03-11T14:47:20.008416+00:00,656.865,652.614990234375,-0.647,0.3403,-1.6541,signal,vdd_signal,1,627,20,lc_f8b535777d26
INTU,2026-03-10T16:54:38.287649+00:00,2026-03-11T16:59:55.327122+00:00,456.54,439.8699951171875,-3.6514,0.7579,-4.4082,signal,vdd_signal,1,579,208,lc_f8b535777d26
GBTG,2026-03-10T17:28:40.742717+00:00,2026-03-11T17:05:19.494015+00:00,5.565,5.514999866485596,-0.8985,1.0782,-3.4142,signal,vdd_signal,2,374,22,lc_d58c66d24787
ULBI,2026-03-10T17:28:56.319917+00:00,2026-03-11T13:31:49.703771+00:00,6.08,5.776,-5.0,1.574,-6.7434,guard_stop,guard_stop,1,43,14,lc_f8b535777d26
DUK,2026-03-10T17:32:22.830310+00:00,2026-03-11T15:12:24.592892+00:00,130.3639,130.25999450683594,-0.0797,0.0891,-1.0309,signal,vdd_signal,1,352,20,lc_ab8aa7f25745
AAOI,2026-03-10T17:49:10.743183+00:00,2026-03-11T13:31:51.654913+00:00,122.69,116.5555,-5.0,1.4264,-5.1675,guard_stop,guard_stop,1,620,533,lc_d58c66d24787
AZO,2026-03-10T19:07:08.583937+00:00,2026-03-11T19:26:11.716975+00:00,3673.158,3715.68505859375,1.1578,1.1578,0.7218,signal,vdd_signal,1,367,89,lc_72f6df86086e
LW,2026-03-10T19:23:57.676536+00:00,2026-03-11T14:24:29.528650+00:00,46.01,43.69,-5.0424,-2.2821,-4.9663,alpaca_stop_fill (stop_price=43.71),alpaca_stop,1,150,48,lc_72f6df86086e
NIO,2026-03-10T19:38:40.164809+00:00,2026-03-11T18:28:52.960389+00:00,5.6413,5.5015997886657715,-2.4764,3.6109,-3.4797,signal,vdd_signal,2,809,514,lc_d58c66d24787
VRTX,2026-03-10T19:43:24.575868+00:00,2026-03-11T16:30:27.529397+00:00,498.09,494.5,-0.7208,1.5981,-1.8109,signal,vdd_signal,3,268,26,lc_ab8aa7f25745
DOMO,2026-03-10T19:56:42.974817+00:00,2026-03-11T14:39:02.354110+00:00,4.27,5.0906,19.2178,61.3583,2.5761,fractional_remainder_liquidated,cleanup,1,630,410,lc_72f6df86086e
MS,2026-03-11T08:02:18.551438+00:00,2026-03-11T16:42:41.991975+00:00,160.6792,159.31500244140625,-0.849,0.7411,-1.7265,signal,vdd_signal,2,270,21,lc_ab8aa7f25745
MOS,2026-03-11T08:14:57.156741+00:00,2026-03-11T17:34:25.612190+00:00,26.54,28.47279930114746,7.2826,7.5546,-0.2638,signal,vdd_signal,2,356,211,lc_d58c66d24787
NIO,2026-03-11T08:21:52.928457+00:00,2026-03-11T18:28:54.135187+00:00,5.55,5.5015997886657715,-0.8721,5.3153,-1.8919,signal,vdd_signal,1,527,232,lc_72f6df86086e
BA,2026-03-11T09:20:56.322238+00:00,2026-03-11T14:39:04.574868+00:00,224.015678,215.7089,-3.7081,-2.1988,-4.1139,fractional_remainder_liquidated,cleanup,1,225,112,lc_dd6b0b29a8ea
VNET,2026-03-11T09:28:24.406119+00:00,2026-03-11T18:33:31.185357+00:00,11.1,10.994999885559082,-0.9459,1.5315,-2.2522,signal,vdd_signal,2,323,5,lc_dd6b0b29a8ea
CTGO,2026-03-11T10:05:08.193900+00:00,2026-03-11T13:34:18.996521+00:00,27.44,26.068,-5.0,-1.3484,-5.6352,guard_stop,guard_stop,2,13,5,lc_dd6b0b29a8ea
TGT,2026-03-11T10:10:11.624267+00:00,2026-03-11T14:45:13.111663+00:00,122.5,120.13999938964844,-1.9265,-1.249,-2.7755,signal,vdd_signal,2,116,13,lc_dd6b0b29a8ea
TSLA,2026-03-11T10:12:25.134539+00:00,2026-03-11T18:54:18.704963+00:00,400.99,406.3399963378906,1.3342,3.5125,-0.5836,signal,vdd_signal,2,520,227,lc_dd6b0b29a8ea
PELI,2026-03-11T10:19:05.842860+00:00,2026-03-11T14:40:18.547442+00:00,10.29,10.288000106811523,-0.0194,-0.0194,-0.0972,signal,vdd_signal,2,66,65,lc_dd6b0b29a8ea
SERV,2026-03-11T13:34:18.726783+00:00,2026-03-11T15:31:19.975714+00:00,11.28,10.618697,-5.8626,2.5709,-5.5585,alpaca_stop_fill (stop_price=10.72),alpaca_stop,1,115,15,lc_dd6b0b29a8ea
SDHC,2026-03-11T13:35:09.420472+00:00,2026-03-11T13:43:07.861689+00:00,14.6,13.87,-5.0,-9.0069,-9.1781,guard_stop,guard_stop,1,1,0,lc_b14c0fdf3669
ACTG,2026-03-11T13:36:36.964647+00:00,2026-03-11T16:35:41.668902+00:00,4.72,4.929999828338623,4.4491,5.6186,-2.3305,signal,vdd_signal,1,149,55,lc_72f6df86086e
CVGI,2026-03-11T13:36:36.587840+00:00,2026-03-11T15:27:55.416202+00:00,2.344277,2.22,-5.3013,20.4039,-4.4482,alpaca_stop_fill (stop_price=2.23),alpaca_stop,3,109,15,lc_72f6df86086e
CXM,2026-03-11T13:36:56.749085+00:00,2026-03-11T15:12:51.992446+00:00,6.14,5.83,-5.0489,0.4886,-5.0489,alpaca_stop_fill (stop_price=5.83),alpaca_stop,2,94,3,lc_dd6b0b29a8ea
TSSI,2026-03-11T13:37:29.799531+00:00,2026-03-11T15:15:57.116731+00:00,13.4,12.69794,-5.2393,6.4888,-4.8672,alpaca_stop_fill (stop_price=12.73),alpaca_stop,2,96,16,lc_dd6b0b29a8ea
RNA,2026-03-11T13:40:15.376640+00:00,2026-03-11T15:05:42.464922+00:00,15.66,14.876999999999999,-5.0,0.6386,-4.917,guard_stop,guard_stop,2,59,6,lc_dd6b0b29a8ea
GRPN,2026-03-11T13:40:20.172283+00:00,2026-03-11T13:50:41.606275+00:00,11.49,10.9155,-5.0,0.4352,-4.9669,guard_stop,guard_stop,2,9,4,lc_dd6b0b29a8ea
ONDS,2026-03-11T13:41:31.572331+00:00,2026-03-11T17:28:20.266933+00:00,10.21,9.69,-5.093,3.2811,-5.0999,alpaca_stop_fill (stop_price=9.7),alpaca_stop,2,226,39,lc_dd6b0b29a8ea
CRC,2026-03-11T13:42:12.271881+00:00,2026-03-11T18:24:13.390785+00:00,61.83,62.7400016784668,1.4718,1.6093,0.0,signal,vdd_signal,2,230,149,lc_dd6b0b29a8ea
SERV,2026-03-11T13:43:19.885539+00:00,2026-03-11T14:24:09.024319+00:00,11.55,10.96,-5.1082,0.1732,-5.5403,alpaca_stop_fill (stop_price=10.97),alpaca_stop,2,40,6,lc_72f6df86086e
TH,2026-03-11T13:43:20.335579+00:00,2026-03-11T13:53:26.671129+00:00,9.08,8.590338,-5.3928,-1.8722,-5.0661,reconcile_confirmed_sell (order=2d4fe9fe-e3d8-4e7e-beb5-d0cefc7fcc7c),reconcile,1,6,4,lc_dd6b0b29a8ea
CX,2026-03-11T13:47:53.251126+00:00,2026-03-11T15:59:06.581013+00:00,10.73,10.739999771118164,0.0932,0.9786,-1.165,signal,vdd_signal,1,131,13,lc_b14c0fdf3669
VRCA,2026-03-11T13:51:15.258881+00:00,2026-03-11T20:00:25.609013+00:00,6.08,6.260000228881836,2.9605,2.9605,-2.5049,signal,vdd_signal,2,118,36,lc_dd6b0b29a8ea
DNTH,2026-03-11T14:03:36.589288+00:00,2026-03-11T14:39:03.689759+00:00,78.08,86.175,10.3676,12.7308,9.8297,fractional_remainder_liquidated,cleanup,1,35,2,lc_72f6df86086e
TMC,2026-03-11T14:23:42.335953+00:00,2026-03-11T16:58:04.408968+00:00,6.11,6.324999809265137,3.5188,5.9738,1.473,signal,vdd_signal,1,150,13,lc_72f6df86086e
ABM,2026-03-11T14:24:45.366726+00:00,2026-03-11T17:37:04.885882+00:00,41.29,41.462501525878906,0.4178,1.0899,-0.6176,signal,vdd_signal,1,136,10,lc_72f6df86086e
PELI,2026-03-11T14:40:44.177139+00:00,2026-03-11T17:03:21.289008+00:00,10.29,10.28499984741211,-0.0486,-0.0,-0.0972,signal,vdd_signal,2,142,64,lc_dd6b0b29a8ea
TGT,2026-03-11T14:53:05.733293+00:00,2026-03-11T16:23:46.697961+00:00,122.5,119.08000183105469,-2.7918,-1.7551,-3.2301,signal,vdd_signal,2,89,0,lc_dd6b0b29a8ea
RNA,2026-03-11T15:05:59.808717+00:00,2026-03-11T15:15:59.664549+00:00,15.66,14.85,-5.1724,-4.592,-4.9489,reconcile_confirmed_sell (order=cf51dd85-d5a7-46f3-8c2b-195a7dda03fb),reconcile,1,4,1,lc_dd6b0b29a8ea
RNA,2026-03-11T15:06:00.105407+00:00,2026-03-11T15:15:59.987641+00:00,15.66,14.85,-5.1724,-4.592,-4.9489,reconcile_confirmed_sell (order=75097bc4-1488-4a3a-a594-ddbcc1d3b460),reconcile,1,4,1,lc_b14c0fdf3669
NIO,2026-03-11T15:13:08.892434+00:00,2026-03-11T18:29:14.497730+00:00,5.61,5.5,-1.9608,-0.1444,-2.9412,signal,vdd_signal,2,195,0,lc_dd6b0b29a8ea
TSSI,2026-03-11T15:19:24.082365+00:00,2026-03-11T15:20:41.155256+00:00,13.4,12.7,-5.2239,-3.8813,-3.8813,reconcile_confirmed_sell (order=261157fa-332e-4a3d-a36c-b6d8c63323ba),reconcile,1,0,0,lc_b14c0fdf3669
NKE,2026-03-11T15:24:48.073013+00:00,2026-03-11T19:53:54.881248+00:00,56.048261,55.709999084472656,-0.6035,-0.5411,-1.0763,signal,vdd_signal,2,268,37,lc_dd6b0b29a8ea
TSLA,2026-03-11T15:27:46.851218+00:00,2026-03-11T19:05:32.070947+00:00,410.519705,406.6499938964844,-0.9426,-0.9987,-1.1192,signal,vdd_signal,1,217,0,lc_72f6df86086e
GD,2026-03-11T15:32:55.060255+00:00,2026-03-11T17:25:04.847731+00:00,359.62,354.69000244140625,-1.3709,-1.0678,-1.7657,signal,vdd_signal,1,104,4,lc_72f6df86086e
KSS,2026-03-11T15:43:37.846106+00:00,2026-03-11T18:22:10.483463+00:00,14.03,13.75,-1.9957,0.3207,-3.5994,signal,vdd_signal,2,158,29,lc_dd6b0b29a8ea
BVN,2026-03-11T15:51:13.073347+00:00,2026-03-11T19:33:23.886011+00:00,36.97,38.099998474121094,3.0565,3.0565,2.4074,signal,vdd_signal,3,205,205,lc_72f6df86086e
PELI,2026-03-11T15:57:02.860363+00:00,2026-03-11T17:25:08.152461+00:00,10.28,10.28499984741211,0.0486,0.0486,-0.0,signal,vdd_signal,1,87,2,lc_72f6df86086e
MCD,2026-03-11T16:01:40.467264+00:00,2026-03-11T17:22:45.835107+00:00,323.35,324.2749938964844,0.2861,0.3062,-0.2892,signal,vdd_signal,1,80,80,lc_b14c0fdf3669
UPST,2026-03-11T16:27:48.612083+00:00,2026-03-11T18:36:09.063631+00:00,26.96942,27.020000457763672,0.1875,0.5583,-1.0731,signal,vdd_signal,1,128,41,lc_dd6b0b29a8ea
VELO,2026-03-11T16:33:27.692274+00:00,2026-03-11T17:37:15.322333+00:00,15.075,14.32125,-5.0,0.1658,-6.4677,guard_stop,guard_stop,2,60,2,lc_ab8aa7f25745
PELI,2026-03-11T17:06:08.320826+00:00,2026-03-11T19:33:34.526587+00:00,10.29,10.279999732971191,-0.0972,-0.0972,-0.0972,signal,vdd_signal,2,146,8,lc_dd6b0b29a8ea
FFIV,2026-03-11T17:11:21.028063+00:00,2026-03-11T19:01:12.227429+00:00,287.37,288.3500061035156,0.341,0.341,0.1984,signal,vdd_signal,2,90,89,lc_ab8aa7f25745
LTM,2026-03-11T17:17:56.322233+00:00,2026-03-11T19:17:25.769685+00:00,50.07,50.33000183105469,0.5193,0.5193,-0.02,signal,vdd_signal,1,108,108,lc_ab8aa7f25745
PELI,2026-03-11T17:28:11.186651+00:00,2026-03-11T19:38:10.121207+00:00,10.28,10.289999961853027,0.0973,0.0973,-0.0,signal,vdd_signal,1,129,129,lc_72f6df86086e
KLNG,2026-03-11T18:39:03.892882+00:00,2026-03-11T19:56:36.047135+00:00,2.59,2.4604999999999997,-5.0,-0.3861,-4.6332,guard_stop,guard_stop,1,5,0,lc_d58c66d24787
SOC,2026-03-11T19:03:36.786737+00:00,2026-03-11T19:45:30.675331+00:00,17.26,16.397000000000002,-5.0,7.1263,-5.6779,guard_stop,guard_stop,2,41,3,lc_ab8aa7f25745
